Date,Symbol,Series,Prev Close,Open,High,Low,Last,Close,VWAP,Volume,Turnover,Trades,Deliverable Volume,%Deliverble
2020-01-01,TCS,EQ,2161.7,2168.0,2183.9,2154.0,2170.0,2167.6,2170.54,1354908,294088238195000.0,44438,164490,0.12140000000000001
2020-01-02,TCS,EQ,2167.6,2179.95,2179.95,2149.2,2157.0,2157.65,2158.63,2380752,513915614305000.0,99242,1204079,0.5058
2020-01-03,TCS,EQ,2157.65,2164.0,2223.0,2164.0,2201.0,2200.65,2199.26,4655761,1023920639020000.1,123516,1833823,0.39390000000000003
2020-01-06,TCS,EQ,2200.65,2205.0,2225.95,2187.9,2201.35,2200.45,2204.89,3023209,666585530910000.0,135360,1000021,0.3308
2020-01-07,TCS,EQ,2200.45,2200.5,2214.65,2183.8,2205.0,2205.85,2203.53,2429317,535306359110000.06,95018,966753,0.39799999999999996
2020-01-08,TCS,EQ,2205.85,2205.0,2260.0,2202.05,2253.35,2255.25,2240.22,5197454,1164342434140000.0,172815,2288411,0.4403
2020-01-09,TCS,EQ,2255.25,2248.75,2251.95,2210.0,2220.0,2214.35,2223.77,3734173,830392406405000.0,134309,1805834,0.48360000000000003
2020-01-10,TCS,EQ,2214.35,2228.0,2234.0,2208.0,2213.0,2213.55,2219.51,1915807,425215030725000.0,102938,767417,0.4006
2020-01-13,TCS,EQ,2213.55,2217.85,2218.95,2184.7,2193.0,2190.35,2197.65,2843893,624987257810000.0,113645,1486327,0.5226
2020-01-14,TCS,EQ,2190.35,2195.0,2229.8,2195.0,2210.0,2206.9,2212.56,2948452,652362159830000.0,132106,1276382,0.4329
2020-01-15,TCS,EQ,2206.9,2213.0,2231.0,2194.2,2225.05,2226.9,2212.65,2620681,579864464170000.0,114594,1513859,0.5777
2020-01-16,TCS,EQ,2226.9,2226.95,2249.0,2215.0,2240.0,2238.8,2235.81,3117214,696948335910000.0,113056,1736185,0.557
2020-01-17,TCS,EQ,2238.8,2240.75,2253.55,2213.0,2220.0,2219.1,2232.37,3281059,732455006520000.0,123528,1603410,0.48869999999999997
2020-01-20,TCS,EQ,2219.1,2194.9,2242.2,2156.2,2174.0,2170.35,2182.48,5817599,1269679797685000.0,216725,2321286,0.399
2020-01-21,TCS,EQ,2170.35,2169.95,2186.55,2158.05,2172.35,2171.05,2170.95,1902980,413126851160000.0,115866,865491,0.4548
2020-01-22,TCS,EQ,2171.05,2181.0,2210.0,2173.7,2209.8,2206.9,2198.89,1773686,390013786320000.0,109240,782190,0.441
2020-01-23,TCS,EQ,2206.9,2209.8,2217.75,2183.7,2188.0,2190.95,2200.81,2069866,455538334035000.06,110107,1214278,0.5866
2020-01-24,TCS,EQ,2190.95,2190.95,2190.95,2170.0,2185.0,2183.4,2179.72,1319430,287598802870000.0,55949,607438,0.4604
2020-01-27,TCS,EQ,2183.4,2189.7,2193.45,2165.0,2168.3,2169.25,2172.99,1549101,336618786230000.0,62160,771303,0.4979
2020-01-28,TCS,EQ,2169.25,2174.0,2187.8,2152.0,2183.8,2183.75,2169.48,1743024,378145413255000.0,79762,906541,0.5201
2020-01-29,TCS,EQ,2183.75,2185.0,2186.95,2150.0,2154.0,2154.6,2164.12,2306761,499211593485000.06,88479,1307797,0.5669
2020-01-30,TCS,EQ,2154.6,2160.0,2165.0,2125.0,2134.65,2137.85,2140.26,2098567,449148711550000.0,88883,1056509,0.5034000000000001
2020-01-31,TCS,EQ,2137.85,2139.4,2144.35,2071.6,2082.4,2079.05,2098.15,3287223,689709227270000.0,131558,2194449,0.6676000000000001
2020-02-01,TCS,EQ,2079.05,2079.5,2180.7,2063.6,2167.5,2164.85,2129.7,3319716,707000790045000.0,112061,1798795,0.5418999999999999
2020-02-03,TCS,EQ,2164.85,2152.0,2194.7,2093.2,2110.0,2102.5,2136.37,4728073,1010091256845000.1,194574,2519349,0.5328
2020-02-04,TCS,EQ,2102.5,2129.0,2136.7,2086.6,2111.95,2107.75,2111.28,3509339,740920726395000.0,130941,1569247,0.4472
2020-02-05,TCS,EQ,2107.75,2115.0,2156.7,2104.3,2147.5,2146.55,2136.16,2439322,521079195060000.06,132082,1373557,0.5631
2020-02-06,TCS,EQ,2146.55,2145.0,2174.2,2115.5,2129.45,2128.35,2146.02,2640065,566563031625000.0,97158,1284341,0.4865
2020-02-07,TCS,EQ,2128.35,2139.0,2151.0,2119.0,2138.0,2136.55,2131.41,2083442,444066562895000.0,73200,1151799,0.5528000000000001
2020-02-10,TCS,EQ,2136.55,2140.9,2167.0,2119.0,2153.1,2161.95,2149.9,2383032,512327116905000.0,88969,1298489,0.5449
2020-02-11,TCS,EQ,2161.95,2163.0,2174.8,2147.6,2152.7,2153.4,2157.68,1335820,288226653120000.0,76595,606633,0.45409999999999995
2020-02-12,TCS,EQ,2153.4,2151.1,2185.0,2150.0,2173.1,2170.75,2173.56,1620407,352205773530000.0,98406,791500,0.48850000000000005
2020-02-13,TCS,EQ,2170.75,2172.95,2197.0,2171.0,2191.0,2191.95,2186.71,1645948,359920627185000.0,73525,886163,0.5384000000000001
2020-02-14,TCS,EQ,2191.95,2188.0,2212.0,2171.0,2183.0,2184.2,2190.86,1500115,328654819350000.0,117257,662963,0.44189999999999996
2020-02-17,TCS,EQ,2184.2,2196.95,2217.0,2190.2,2202.05,2203.25,2204.55,1774724,391246307160000.0,81968,868712,0.48950000000000005
2020-02-18,TCS,EQ,2203.25,2199.95,2221.0,2186.05,2215.0,2215.75,2208.09,2486223,548979184164999.94,98311,1511442,0.6079
2020-02-19,TCS,EQ,2215.75,2215.75,2230.0,2190.5,2194.1,2196.35,2209.81,1760463,389028512540000.0,77338,1061209,0.6028
2020-02-20,TCS,EQ,2196.35,2204.5,2214.4,2151.25,2157.0,2156.8,2189.19,2317278,507297339360000.06,121407,1447215,0.6245
2020-02-24,TCS,EQ,2156.8,2156.0,2178.95,2106.7,2112.0,2115.35,2152.36,3092877,665698318225000.0,120347,1871186,0.605
2020-02-25,TCS,EQ,2115.35,2115.5,2176.65,2111.0,2163.0,2156.15,2148.89,2674567,574736144690000.0,116295,1382198,0.5168
2020-02-26,TCS,EQ,2156.15,2154.0,2163.9,2112.95,2122.0,2123.6,2137.17,2686842,574225145730000.0,155115,1586103,0.5903
2020-02-27,TCS,EQ,2123.6,2119.95,2119.95,2086.2,2097.0,2105.5,2101.98,2349001,493754966185000.06,112336,1244106,0.5296000000000001
2020-02-28,TCS,EQ,2105.5,2068.0,2069.5,1990.0,2010.0,2000.15,2026.81,4298076,871139557354999.9,229475,2304792,0.5362
2020-03-02,TCS,EQ,2000.15,2035.0,2053.95,1985.7,2000.0,2001.3,2035.99,2667076,543012865420000.0,118184,1243997,0.46640000000000004
2020-03-03,TCS,EQ,2001.3,2020.0,2060.0,2012.0,2041.0,2036.2,2033.79,2757585,560833859855000.0,139234,1397749,0.5069
2020-03-04,TCS,EQ,2036.2,2056.0,2094.45,2025.0,2082.1,2083.2,2059.4,3237002,666627993495000.0,131156,1497508,0.4626
2020-03-05,TCS,EQ,2083.2,2085.7,2147.75,2084.05,2129.0,2125.05,2121.54,3937056,835262401720000.0,193693,2287407,0.5810000000000001
2020-03-06,TCS,EQ,2125.05,2098.0,2123.65,2071.6,2115.4,2116.45,2097.98,2595027,544430938950000.0,130651,1250756,0.48200000000000004
2020-03-09,TCS,EQ,2116.45,2075.0,2079.9,1935.0,1981.0,1972.35,1989.28,4940982,982901164795000.1,227592,2739821,0.5545
2020-03-11,TCS,EQ,1972.35,1933.0,1987.3,1920.0,1952.75,1953.7,1959.39,6796752,1331748548940000.0,213057,4563612,0.6714
2020-03-12,TCS,EQ,1953.7,1904.0,1908.4,1758.35,1772.9,1769.85,1815.1,8728972,1584399858265000.0,252037,5822556,0.667
2020-03-13,TCS,EQ,1769.85,1687.9,1820.0,1506.05,1820.0,1806.3,1736.57,8029725,1394419160015000.0,280631,4008094,0.49920000000000003
2020-03-16,TCS,EQ,1806.3,1755.0,1842.25,1675.85,1684.5,1696.4,1760.08,7844420,1380679003755000.0,380004,4974137,0.6341
2020-03-17,TCS,EQ,1696.4,1730.0,1731.0,1623.15,1632.0,1658.0,1687.98,5713269,964390764700000.0,224133,3892439,0.6813
2020-03-18,TCS,EQ,1658.0,1676.8,1713.55,1627.75,1670.0,1654.4,1667.41,7259111,1210388912200000.0,276794,4565294,0.6289
2020-03-19,TCS,EQ,1654.4,1559.7,1685.45,1546.75,1636.0,1636.35,1622.31,5135162,833084128610000.0,248319,2515229,0.48979999999999996
2020-03-20,TCS,EQ,1636.35,1630.0,1869.0,1627.0,1792.95,1797.45,1787.53,8547645,1527913765405000.0,361688,3868118,0.4525
2020-03-23,TCS,EQ,1797.45,1620.0,1750.0,1617.75,1631.0,1669.7,1687.63,7003558,1181939827145000.0,190709,4237215,0.605
2020-03-24,TCS,EQ,1669.7,1653.05,1770.0,1632.85,1699.95,1703.15,1716.94,6354209,1090981004520000.1,309791,3520631,0.5540999999999999
2020-03-25,TCS,EQ,1703.15,1700.0,1810.0,1680.0,1732.0,1750.3,1735.21,2765527,479876988939999.94,200205,1152908,0.4169
2020-03-26,TCS,EQ,1750.3,1831.6,1832.05,1722.55,1785.0,1790.95,1783.59,4556071,812617188400000.0,251428,2650292,0.5817
2020-03-27,TCS,EQ,1790.95,1820.0,1850.0,1750.4,1850.0,1824.5,1796.8,4331310,778251021050000.0,217336,2319309,0.5355
2020-03-30,TCS,EQ,1824.5,1766.0,1905.0,1763.55,1781.7,1778.5,1813.46,8513608,1543907510180000.0,277606,5214886,0.6125
2020-03-31,TCS,EQ,1778.5,1837.4,1855.0,1780.0,1819.0,1826.1,1824.45,3927593,716570682515000.0,190774,1752624,0.4462
2020-04-01,TCS,EQ,1826.1,1825.9,1834.75,1702.0,1714.0,1708.75,1763.66,4941898,871581159615000.0,221364,2619484,0.5301
2020-04-03,TCS,EQ,1708.75,1740.0,1740.0,1650.0,1659.0,1654.2,1688.3,5735529,968331671735000.0,244588,2453808,0.4278
2020-04-07,TCS,EQ,1654.2,1710.0,1785.85,1705.0,1765.85,1775.2,1747.2,5427965,948375031595000.1,232534,3020094,0.5564
2020-04-08,TCS,EQ,1775.2,1760.0,1806.0,1701.0,1708.0,1705.45,1736.76,6285616,1091658538525000.0,276600,2533692,0.4031
2020-04-09,TCS,EQ,1705.45,1750.45,1778.8,1731.2,1761.0,1766.15,1759.13,5307649,933686853545000.1,184889,2682616,0.5054
2020-04-13,TCS,EQ,1766.15,1761.0,1787.0,1746.0,1761.6,1759.25,1761.05,2990478,526638166260000.06,105582,1242289,0.4154
2020-04-15,TCS,EQ,1759.25,1785.0,1812.0,1727.8,1735.0,1735.15,1774.09,4761401,844717654300000.0,196087,2136320,0.4487
2020-04-16,TCS,EQ,1735.15,1709.95,1764.9,1675.05,1720.5,1716.05,1720.54,6245583,1074575566525000.0,284814,2110034,0.33780000000000004
2020-04-17,TCS,EQ,1716.05,1800.0,1851.95,1753.0,1810.0,1806.2,1815.31,9895825,1796402572709999.8,363192,3217550,0.3251
2020-04-20,TCS,EQ,1806.2,1830.0,1830.0,1802.5,1818.6,1818.65,1815.63,3244293,589043554080000.0,136285,1407671,0.4339
2020-04-21,TCS,EQ,1818.65,1765.0,1794.6,1727.7,1737.75,1737.65,1749.84,5122606,896374350854999.9,190349,2457408,0.4797
2020-04-22,TCS,EQ,1737.65,1737.65,1790.0,1719.15,1773.0,1769.5,1754.72,3829839,672027955760000.0,180947,1518445,0.3965
2020-04-23,TCS,EQ,1769.5,1780.0,1900.0,1760.85,1867.1,1878.25,1844.03,5934424,1094323532950000.0,257398,2087199,0.3517
2020-04-24,TCS,EQ,1878.25,1840.7,1851.95,1807.8,1821.0,1818.55,1825.54,2987150,545316906239999.94,142967,1103567,0.3694
2020-04-27,TCS,EQ,1818.55,1832.3,1875.0,1825.0,1834.0,1836.6,1853.6,3374747,625542214055000.0,140822,1333349,0.3951
2020-04-28,TCS,EQ,1836.6,1865.0,1868.0,1832.6,1865.0,1859.05,1851.06,2678512,495809538970000.0,117278,1119539,0.418
2020-04-29,TCS,EQ,1859.05,1874.0,1912.55,1850.05,1903.0,1905.65,1882.9,4241579,798649006635000.0,158389,1705279,0.402
2020-04-30,TCS,EQ,1905.65,1980.0,2032.0,1942.2,2019.55,2014.45,1989.49,5915950,1176970699775000.0,241064,2636626,0.4457
2020-05-04,TCS,EQ,2014.45,1966.0,1966.0,1913.65,1930.5,1930.45,1939.3,3729409,723244240405000.0,165528,1752041,0.4698
2020-05-05,TCS,EQ,1930.45,1955.1,1977.0,1927.0,1932.75,1932.75,1952.86,2905541,567411677420000.0,147469,1095381,0.37700000000000006
2020-05-06,TCS,EQ,1932.75,1939.8,1953.7,1893.6,1908.5,1903.6,1920.77,3517432,675617981555000.0,172517,1154410,0.3282
2020-05-07,TCS,EQ,1903.6,1910.0,1934.45,1883.35,1895.95,1891.65,1909.43,3166784,604676545730000.0,154795,941078,0.2972
2020-05-08,TCS,EQ,1891.65,1939.1,1939.5,1886.25,1897.0,1893.4,1902.14,2686536,511017029064999.94,122431,858746,0.3196
2020-05-11,TCS,EQ,1893.4,1909.0,1951.4,1909.0,1936.0,1935.3,1939.47,2449846,475141504895000.0,120116,738177,0.3013
2020-05-12,TCS,EQ,1935.3,1933.4,1956.5,1910.25,1948.0,1949.5,1941.23,3256630,632186705310000.0,177881,992103,0.30460000000000004
2020-05-13,TCS,EQ,1949.5,1994.0,1994.0,1925.65,1944.5,1949.65,1946.67,2656665,517164964005000.0,127103,938030,0.3531
2020-05-14,TCS,EQ,1949.65,1910.0,1923.1,1891.1,1902.0,1902.35,1905.48,2263204,431248066825000.0,111897,931246,0.4115
2020-05-15,TCS,EQ,1902.35,1916.0,1917.4,1865.2,1903.0,1892.9,1884.25,3173682,598000328500000.0,157447,1312065,0.41340000000000005
2020-05-18,TCS,EQ,1892.9,1907.0,1952.95,1872.1,1940.05,1945.6,1921.1,3727896,716166696725000.0,158352,1140903,0.306
2020-05-19,TCS,EQ,1945.6,1903.0,1966.45,1903.0,1948.1,1948.65,1945.9,3198699,622436059335000.0,148060,1142215,0.35710000000000003
2020-05-20,TCS,EQ,1948.65,1950.0,1962.9,1931.7,1953.55,1953.6,1946.92,2778505,540951455925000.0,130438,1398276,0.5032
2020-05-21,TCS,EQ,1953.6,1946.0,1998.0,1941.15,1990.1,1991.2,1977.64,3400925,672580226575000.0,125723,1818084,0.5346000000000001
2020-05-22,TCS,EQ,1991.2,1977.1,2032.0,1961.25,2015.15,2020.35,2005.12,3663422,734559479065000.0,129277,1423498,0.3886
2020-05-26,TCS,EQ,2020.35,2015.0,2024.0,1925.0,1948.95,1943.0,1969.21,4575512,901014213485000.0,170636,2223882,0.48600000000000004
2020-05-27,TCS,EQ,1943.0,1959.0,2010.0,1941.25,2008.0,2005.3,1975.64,3482185,687953954300000.0,131846,1174548,0.3373
2020-05-28,TCS,EQ,2005.3,1988.5,2014.0,1971.3,2006.25,2004.3,1988.53,3475788,691172243765000.0,149827,1346787,0.3875
2020-05-29,TCS,EQ,2004.3,1982.0,2002.65,1962.4,1980.9,1972.35,1977.79,7237765,1431476661810000.0,180576,4581484,0.633
2020-06-01,TCS,EQ,1972.35,1990.0,2060.0,1981.1,2038.0,2045.25,2033.41,3747850,762091414430000.0,146513,1266772,0.33799999999999997
2020-06-02,TCS,EQ,2045.25,2060.2,2081.0,2040.05,2049.95,2047.15,2057.96,2443886,502941381255000.0,116685,897807,0.3674
2020-06-03,TCS,EQ,2047.15,2051.85,2063.75,2020.0,2048.0,2046.15,2038.22,3699799,754099025825000.0,154423,1958989,0.5295000000000001
2020-06-04,TCS,EQ,2046.15,2046.75,2100.0,2046.75,2094.95,2091.55,2075.82,4048593,840413968785000.0,147400,1525655,0.3768
2020-06-05,TCS,EQ,2091.55,2091.6,2098.0,2040.3,2053.0,2048.25,2054.59,3573299,734165700590000.0,143792,1171097,0.32770000000000005
2020-06-08,TCS,EQ,2048.25,2078.25,2095.0,2062.1,2070.0,2071.75,2078.75,2957841,614861215435000.0,108037,918772,0.3106
2020-06-09,TCS,EQ,2071.75,2063.1,2095.5,2060.25,2075.0,2072.05,2079.22,2910152,605085376450000.0,150567,1285171,0.4416
2020-06-10,TCS,EQ,2072.05,2077.05,2132.0,2073.5,2109.0,2108.75,2108.53,5168494,1089792741275000.0,187675,1657664,0.3207
2020-06-11,TCS,EQ,2108.75,2100.0,2105.0,2061.8,2069.0,2067.65,2077.3,2269569,471458531989999.94,100095,687131,0.3028
2020-06-12,TCS,EQ,2067.65,2011.2,2049.2,2011.0,2037.6,2039.5,2026.47,2842757,576077577015000.0,130558,1139648,0.40090000000000003
2020-06-15,TCS,EQ,2039.5,2039.1,2059.0,2000.95,2036.2,2029.9,2027.78,2399028,486470696764999.94,97163,621670,0.2591
2020-06-16,TCS,EQ,2029.9,2065.0,2073.95,2031.0,2041.8,2045.8,2051.87,2146528,440438758195000.0,89213,753988,0.35130000000000006
2020-06-17,TCS,EQ,2045.8,2046.0,2058.85,2026.55,2048.0,2047.8,2042.73,2703546,552260999485000.06,92658,1286034,0.4757
2020-06-18,TCS,EQ,2047.8,2045.0,2059.2,2025.2,2036.2,2038.1,2039.63,1944471,396600726355000.0,77874,625354,0.3216
2020-06-19,TCS,EQ,2038.1,2042.0,2090.0,2032.0,2043.65,2044.6,2050.29,5681784,1164930060055000.0,152183,3384227,0.5956
2020-06-22,TCS,EQ,2044.6,2050.0,2052.25,2019.15,2032.0,2027.95,2033.74,3196138,650011600840000.0,109018,1382233,0.4325
2020-06-23,TCS,EQ,2027.95,2027.0,2044.0,2010.0,2039.0,2035.3,2027.43,4206122,852762366540000.0,136481,985706,0.5069
2020-06-24,TCS,EQ,2035.3,2034.0,2064.25,2031.6,2042.0,2042.2,2052.03,2560951,525514308270000.0,125500,907215,0.3542
2020-06-25,TCS,EQ,2042.2,2035.0,2060.0,2009.25,2015.4,2016.1,2033.26,3044089,618942601120000.0,127554,1367041,0.4491
2020-06-26,TCS,EQ,2016.1,2025.0,2132.0,2019.95,2115.2,2118.85,2095.55,6300912,1320387399395000.0,237429,1985173,0.31510000000000005
2020-06-29,TCS,EQ,2118.85,2108.0,2127.6,2091.3,2103.45,2101.65,2104.79,3076344,647506635375000.0,109993,1159263,0.3768
2020-06-30,TCS,EQ,2101.65,2100.0,2111.9,2075.05,2085.05,2082.15,2091.7,3071877,642545889535000.0,121691,1277270,0.4158
2020-07-01,TCS,EQ,2082.15,2079.7,2113.95,2079.5,2095.0,2092.05,2100.06,2503466,525744047880000.0,103067,829392,0.33130000000000004
2020-07-02,TCS,EQ,2092.05,2102.0,2165.0,2098.0,2159.0,2157.15,2143.79,3758709,805786645425000.0,140145,1413974,0.3762
2020-07-03,TCS,EQ,2157.15,2163.65,2205.0,2160.25,2195.0,2199.65,2188.8,4185215,916058112154999.9,130448,1461405,0.3492
2020-07-06,TCS,EQ,2199.65,2205.0,2269.9,2205.0,2261.0,2263.2,2247.63,5190366,1166603283575000.0,161168,2379673,0.4585
2020-07-07,TCS,EQ,2263.2,2275.0,2302.7,2232.15,2269.9,2269.9,2263.92,5630081,1274607179585000.0,206374,1863660,0.331
2020-07-08,TCS,EQ,2269.9,2270.0,2274.4,2207.6,2219.0,2218.9,2240.93,2793674,626042574530000.0,130484,1098745,0.3933
2020-07-09,TCS,EQ,2218.9,2229.0,2244.5,2191.05,2212.5,2204.35,2209.06,3443998,760801493310000.0,133367,846325,0.2457
2020-07-10,TCS,EQ,2204.35,2205.25,2249.85,2176.0,2221.1,2222.35,2210.93,9610327,2124773450645000.0,292369,1433298,0.1491
2020-07-13,TCS,EQ,2222.35,2220.0,2244.95,2210.0,2222.25,2220.0,2225.83,2963525,659630181280000.0,100495,938363,0.3166
2020-07-14,TCS,EQ,2220.0,2210.0,2239.0,2165.0,2175.0,2171.95,2199.6,2976749,654766845985000.0,117480,1212619,0.40740000000000004
2020-07-15,TCS,EQ,2171.95,2185.0,2260.0,2181.1,2231.1,2233.9,2228.76,5569322,1241268591100000.0,201144,1964036,0.3527
2020-07-16,TCS,EQ,2233.9,2244.0,2333.0,2220.1,2233.0,2234.75,2275.23,8582120,1952628023875000.0,279321,3128877,0.36460000000000004
2020-07-17,TCS,EQ,2234.75,2237.0,2243.9,2190.05,2207.9,2200.75,2204.05,4509143,993836027870000.1,183317,1875874,0.41600000000000004
2020-07-20,TCS,EQ,2200.75,2201.0,2226.9,2190.8,2214.0,2207.9,2205.5,2952719,651222131675000.0,99805,901482,0.3053
2020-07-21,TCS,EQ,2207.9,2230.0,2238.65,2201.15,2224.55,2225.05,2220.42,2665386,591827715305000.0,128640,1177304,0.44170000000000004
2020-07-22,TCS,EQ,2225.05,2231.0,2231.0,2184.2,2190.0,2190.95,2199.54,2861698,629442197940000.0,108851,1542274,0.5389
2020-07-23,TCS,EQ,2190.95,2190.95,2190.95,2163.0,2174.2,2171.2,2175.33,2265791,492883598145000.0,100469,1015290,0.44810000000000005
2020-07-24,TCS,EQ,2171.2,2154.5,2163.0,2125.1,2158.8,2157.4,2143.7,3665123,785691213445000.0,154927,1392828,0.38
2020-07-27,TCS,EQ,2157.4,2165.0,2215.0,2163.5,2205.0,2206.8,2196.82,4248837,933392268260000.0,185606,1148531,0.27030000000000004
2020-07-28,TCS,EQ,2206.8,2215.0,2320.0,2215.0,2310.2,2309.75,2273.26,8092458,1839625856850000.0,261902,3170172,0.39170000000000005
2020-07-29,TCS,EQ,2309.75,2292.0,2342.0,2246.05,2279.0,2276.05,2291.87,6090440,1395851238270000.0,231420,1364265,0.22399999999999998
2020-07-30,TCS,EQ,2276.05,2285.9,2358.0,2272.25,2281.0,2279.5,2315.35,7098913,1643649460790000.0,252271,1819696,0.2563
2020-07-31,TCS,EQ,2279.5,2303.15,2334.8,2257.45,2290.45,2281.4,2295.95,4723290,1084445262695000.1,183229,877006,0.1857
2020-08-03,TCS,EQ,2281.4,2290.45,2303.85,2230.7,2249.0,2254.15,2255.66,4012445,905070429870000.1,124563,1886262,0.47009999999999996
2020-08-04,TCS,EQ,2254.15,2259.95,2269.65,2225.05,2249.95,2249.7,2248.0,2927953,658204265030000.0,113209,1048510,0.35810000000000003
2020-08-05,TCS,EQ,2249.7,2260.0,2300.0,2253.0,2259.0,2259.5,2270.76,3800641,863035207020000.1,140871,1096392,0.28850000000000003
2020-08-06,TCS,EQ,2259.5,2275.0,2319.5,2265.35,2309.85,2308.1,2300.33,4748348,1092278584290000.0,179033,1406212,0.2961
2020-08-07,TCS,EQ,2308.1,2308.0,2328.0,2287.0,2295.0,2295.35,2303.8,3165495,729266963245000.0,98547,1385964,0.4378
2020-08-10,TCS,EQ,2295.35,2318.0,2325.0,2276.05,2283.0,2282.8,2301.82,2929385,674290849205000.0,83569,1206424,0.4118
2020-08-11,TCS,EQ,2282.8,2283.0,2312.0,2275.6,2282.5,2279.9,2290.19,2774509,635416053135000.0,91227,1190111,0.4289
2020-08-12,TCS,EQ,2279.9,2288.35,2296.4,2246.55,2262.0,2257.35,2265.65,3415766,773892654125000.0,101021,1350702,0.3954
2020-08-13,TCS,EQ,2257.35,2273.0,2300.0,2250.5,2260.0,2254.45,2270.22,2695682,611979948895000.0,105012,973637,0.36119999999999997
2020-08-14,TCS,EQ,2254.45,2277.0,2281.3,2233.1,2243.85,2242.15,2256.4,2270405,512294986264999.94,95783,1016058,0.4475
2020-08-17,TCS,EQ,2242.15,2263.0,2270.0,2238.25,2260.5,2253.4,2253.53,2625670,591701548885000.0,78270,1077702,0.4104
2020-08-18,TCS,EQ,2253.4,2262.8,2289.0,2248.3,2269.8,2269.75,2269.85,3493411,792951170625000.0,123985,1312308,0.37570000000000003
2020-08-19,TCS,EQ,2269.75,2276.35,2284.6,2252.5,2260.0,2256.6,2264.81,2843007,643887007715000.0,87911,1316273,0.46299999999999997
2020-08-20,TCS,EQ,2256.6,2257.0,2276.55,2240.05,2249.0,2252.85,2255.13,2895265,652920537585000.0,97538,1181770,0.4082
2020-08-21,TCS,EQ,2252.85,2260.0,2271.0,2241.05,2249.75,2248.6,2252.12,1975304,444861524239999.94,76072,700157,0.35450000000000004
2020-08-24,TCS,EQ,2248.6,2250.6,2259.95,2230.0,2250.25,2248.1,2245.05,2167987,486723999035000.06,70491,745803,0.344
2020-08-25,TCS,EQ,2248.1,2245.0,2250.0,2233.55,2242.0,2242.65,2242.51,1663454,373030457490000.0,65398,636403,0.3826
2020-08-26,TCS,EQ,2242.65,2242.0,2259.9,2216.45,2257.0,2253.5,2237.68,2618159,585859273610000.0,100248,954842,0.36469999999999997
2020-08-27,TCS,EQ,2253.5,2266.0,2287.35,2241.75,2250.0,2248.4,2265.38,3579397,810868776485000.0,113510,1234036,0.3448
2020-08-28,TCS,EQ,2248.4,2268.4,2279.95,2235.1,2238.25,2238.55,2248.99,2941156,661462141935000.0,100143,1359678,0.4623
2020-08-31,TCS,EQ,2238.55,2240.0,2276.2,2228.0,2245.95,2257.25,2252.44,6018160,1355553049630000.0,182980,2955109,0.49100000000000005
2020-09-01,TCS,EQ,2257.25,2269.0,2278.0,2241.3,2250.0,2246.35,2258.27,3610908,815439794630000.0,122003,1581545,0.438
2020-09-02,TCS,EQ,2246.35,2247.0,2268.75,2241.65,2263.75,2265.15,2257.34,2084152,470464087700000.0,89121,1004535,0.48200000000000004
2020-09-03,TCS,EQ,2265.15,2268.0,2324.0,2268.0,2299.0,2299.5,2301.29,4654146,1071052365790000.0,170993,1233359,0.265
2020-09-04,TCS,EQ,2299.5,2275.0,2324.25,2262.95,2297.65,2288.8,2295.35,5232180,1200969037965000.0,177219,2085700,0.3986
2020-09-07,TCS,EQ,2288.8,2289.0,2343.5,2283.35,2330.0,2327.05,2319.63,4620416,1071767824775000.0,157714,1077421,0.23320000000000002
2020-09-08,TCS,EQ,2327.05,2335.95,2390.45,2327.05,2343.95,2348.2,2365.85,7454161,1763542507945000.0,233593,1535823,0.20600000000000002
2020-09-09,TCS,EQ,2348.2,2325.0,2359.0,2320.0,2322.0,2327.65,2336.59,3866542,903452993040000.0,114778,1379634,0.3568
2020-09-10,TCS,EQ,2327.65,2335.0,2348.5,2324.3,2329.1,2331.15,2334.85,2308813,539073079920000.0,96578,860606,0.37270000000000003
2020-09-11,TCS,EQ,2331.15,2330.95,2383.0,2330.15,2370.3,2374.1,2367.47,4145429,981417611765000.0,161900,1407826,0.3396
2020-09-14,TCS,EQ,2374.1,2384.1,2505.75,2381.85,2485.0,2491.4,2447.42,7512284,1838569452530000.0,259748,2210359,0.2942
2020-09-15,TCS,EQ,2491.4,2491.4,2538.0,2464.6,2489.0,2491.4,2502.8,7318773,1831739407209999.8,229851,1906819,0.2605
2020-09-16,TCS,EQ,2491.4,2488.95,2507.6,2477.3,2502.0,2503.0,2492.52,3074013,766204781245000.0,126981,1151748,0.3747
2020-09-17,TCS,EQ,2503.0,2480.0,2495.75,2450.6,2466.05,2460.95,2473.58,4828231,1194303218010000.0,162667,2534877,0.525
2020-09-18,TCS,EQ,2460.95,2485.0,2500.4,2436.4,2457.5,2449.9,2466.95,4183256,1031987833085000.0,132358,2251126,0.5381
2020-09-21,TCS,EQ,2449.9,2465.0,2504.9,2452.15,2467.0,2465.3,2484.95,4598809,1142782968150000.0,182859,1287735,0.28
2020-09-22,TCS,EQ,2465.3,2485.0,2555.0,2458.0,2527.0,2522.95,2513.02,7499927,1884748558900000.0,227930,1600955,0.21350000000000002
2020-09-23,TCS,EQ,2522.95,2510.0,2519.85,2409.0,2461.05,2467.45,2466.68,7503152,1850786313170000.0,255912,2190998,0.292
2020-09-24,TCS,EQ,2467.45,2450.0,2450.0,2302.6,2332.9,2332.25,2355.03,8425118,1984143299205000.0,304819,2896527,0.34380000000000005
2020-09-25,TCS,EQ,2332.25,2368.0,2440.0,2352.1,2417.75,2422.3,2412.24,8228297,1984860266200000.0,267956,1785457,0.217
2020-09-28,TCS,EQ,2422.3,2440.0,2444.0,2366.0,2429.0,2426.3,2403.73,4347177,1044945968045000.1,173323,836214,0.1924
2020-09-29,TCS,EQ,2426.3,2434.85,2511.05,2426.3,2486.75,2488.4,2489.18,6995815,1741384665809999.8,235653,1430697,0.2045
2020-09-30,TCS,EQ,2488.4,2489.0,2505.0,2460.0,2483.0,2492.3,2485.2,3917186,973499123235000.0,133456,1499169,0.38270000000000004
2020-10-01,TCS,EQ,2492.3,2510.0,2540.0,2492.3,2540.0,2523.45,2508.29,2610338,654748150145000.0,103469,747931,0.2865
2020-10-05,TCS,EQ,2523.45,2620.0,2728.1,2603.05,2713.95,2705.8,2670.27,17412119,4649511378125000.0,495784,2477947,0.1423
2020-10-06,TCS,EQ,2705.8,2736.0,2736.0,2650.1,2718.0,2714.3,2688.29,9846376,2646993369835000.0,308149,1890863,0.192
2020-10-07,TCS,EQ,2714.3,2742.0,2770.0,2703.0,2752.8,2735.95,2728.88,9656167,2635056284835000.0,306556,2543041,0.2634
2020-10-08,TCS,EQ,2735.95,2800.0,2885.0,2800.0,2818.45,2825.7,2855.52,19839826,5665309995090000.0,542541,2925398,0.1475
2020-10-09,TCS,EQ,2825.7,2810.0,2829.85,2780.0,2811.0,2812.95,2804.8,7739375,2170742613055000.0,239979,2016789,0.2606
2020-10-12,TCS,EQ,2812.95,2815.5,2854.0,2800.75,2826.15,2830.0,2832.22,4623211,1309394215610000.0,164934,1359019,0.294
2020-10-13,TCS,EQ,2830.0,2845.0,2854.9,2812.2,2830.5,2826.55,2834.44,4209905,1193274366645000.0,156554,1335928,0.3173
2020-10-14,TCS,EQ,2826.55,2842.0,2842.0,2787.55,2810.0,2809.6,2808.82,4395979,1234750277785000.0,143887,1813426,0.41250000000000003
2020-10-15,TCS,EQ,2809.6,2811.0,2827.75,2727.0,2734.0,2740.6,2757.66,6629395,1828159559384999.8,190209,3050039,0.4601
2020-10-16,TCS,EQ,2740.6,2750.1,2771.65,2731.3,2757.0,2763.3,2756.34,5273773,1453632886635000.0,111405,2268743,0.4302
2020-10-19,TCS,EQ,2763.3,2774.0,2774.0,2706.6,2714.8,2711.55,2723.63,3331194,907294903795000.1,151449,1370233,0.41130000000000005
2020-10-20,TCS,EQ,2711.55,2725.0,2759.9,2717.95,2739.0,2739.0,2743.85,3406298,934638305865000.0,137012,1402392,0.4117
2020-10-21,TCS,EQ,2739.0,2739.0,2749.0,2663.05,2678.0,2675.4,2700.88,4570175,1234348421325000.0,207866,2385821,0.522
2020-10-22,TCS,EQ,2675.4,2661.0,2686.65,2638.1,2672.9,2671.15,2664.97,5262311,1402391149540000.0,167510,2554936,0.4855
2020-10-23,TCS,EQ,2671.15,2687.8,2702.0,2670.1,2687.0,2686.8,2687.39,3499372,940417797729999.9,124614,1911506,0.5462
2020-10-26,TCS,EQ,2686.8,2689.95,2709.95,2670.5,2690.1,2688.2,2694.09,2672766,720067367590000.0,101255,908018,0.3397
2020-10-27,TCS,EQ,2688.2,2699.75,2718.15,2624.1,2634.8,2630.15,2654.79,3537594,939158221920000.1,172659,1597439,0.4516
2020-10-28,TCS,EQ,2630.15,2650.0,2655.95,2606.0,2619.5,2622.2,2625.65,3569515,937229238295000.1,143177,1548301,0.4338
2020-10-29,TCS,EQ,2622.2,2608.0,2655.0,2600.25,2632.1,2632.65,2634.88,3105970,818386003410000.0,121416,1069258,0.3443
2020-10-30,TCS,EQ,2632.65,2636.1,2674.35,2621.6,2663.55,2664.85,2654.92,3427003,909841522885000.0,120277,1334806,0.3895
2020-11-02,TCS,EQ,2664.85,2660.0,2664.85,2600.05,2608.0,2604.6,2618.15,2571196,673178455210000.0,117447,1137130,0.44229999999999997
2020-11-03,TCS,EQ,2604.6,2604.0,2665.0,2601.05,2629.0,2633.6,2635.01,2879269,758691337845000.0,117355,1034396,0.3593
2020-11-04,TCS,EQ,2633.6,2610.0,2721.85,2610.0,2656.0,2653.15,2683.56,4893928,1313314483510000.0,210543,1515071,0.30960000000000004
2020-11-05,TCS,EQ,2653.15,2685.0,2710.0,2667.0,2688.0,2685.7,2688.19,2816502,757130198925000.0,119199,940632,0.334
2020-11-06,TCS,EQ,2685.7,2699.0,2713.25,2681.3,2711.0,2707.45,2699.35,3884421,1048542744160000.0,132771,2078180,0.535
2020-11-09,TCS,EQ,2707.45,2731.1,2744.0,2695.1,2726.0,2726.6,2720.53,3646592,992066149320000.1,162134,1305417,0.358
2020-11-10,TCS,EQ,2726.6,2697.2,2713.15,2638.35,2653.95,2649.6,2663.45,4760020,1267805683110000.0,240272,1871537,0.3932
2020-11-11,TCS,EQ,2649.6,2667.95,2692.8,2643.4,2687.5,2687.8,2669.85,3242441,865683144185000.0,168899,1292728,0.3987
2020-11-12,TCS,EQ,2687.8,2686.0,2713.0,2661.75,2674.75,2671.05,2679.78,2437505,653198673975000.0,100997,1134593,0.46549999999999997
2020-11-13,TCS,EQ,2671.05,2655.75,2664.9,2636.0,2661.2,2656.85,2650.87,2548093,675465610270000.0,111018,1218667,0.4783
2020-11-14,TCS,EQ,2656.85,2677.95,2689.0,2660.05,2673.25,2670.35,2669.67,298819,79774878800000.0,20530,127612,0.42710000000000004
2020-11-17,TCS,EQ,2670.35,2695.0,2695.0,2650.05,2661.25,2666.05,2670.8,2827273,755106826715000.0,134996,1460105,0.5164
2020-11-18,TCS,EQ,2666.05,2661.0,2664.2,2607.05,2626.0,2626.65,2625.58,2893762,759778975635000.0,136273,1405121,0.48560000000000003
2020-11-19,TCS,EQ,2626.65,2637.0,2676.15,2630.85,2640.25,2636.9,2648.32,4167501,1103685551570000.1,178640,1916634,0.45990000000000003
2020-11-20,TCS,EQ,2636.9,2655.0,2676.0,2627.55,2657.8,2660.25,2657.32,2711471,720523790470000.0,118196,1060178,0.391
2020-11-23,TCS,EQ,2660.25,2690.0,2730.0,2665.0,2727.25,2724.25,2706.23,3706418,1003043097979999.9,150378,1534732,0.41409999999999997
2020-11-24,TCS,EQ,2724.25,2734.4,2743.0,2705.0,2726.0,2722.05,2724.87,3120516,850299237230000.0,148092,1269435,0.4068
2020-11-25,TCS,EQ,2722.05,2729.0,2732.95,2688.2,2700.0,2701.3,2707.81,3302249,894187153329999.9,163422,1804711,0.5465
2020-11-26,TCS,EQ,2701.3,2686.0,2730.95,2680.0,2730.0,2720.6,2703.16,2341099,632836946220000.0,103635,1019732,0.43560000000000004
2020-11-27,TCS,EQ,2720.6,2705.0,2717.7,2669.05,2678.0,2679.65,2684.61,6086808,1634069142960000.0,168842,3377042,0.5548
2020-12-01,TCS,EQ,2679.65,2679.0,2735.9,2624.45,2729.0,2726.8,2695.43,3605017,971708300265000.0,153842,1876311,0.5205
2020-12-02,TCS,EQ,2726.8,2719.0,2754.7,2702.45,2745.5,2749.55,2727.49,2509032,684335119950000.0,106756,1153028,0.4596
2020-12-03,TCS,EQ,2749.55,2773.9,2773.9,2700.8,2710.0,2709.45,2728.72,2852548,778381098040000.0,121400,1596838,0.5598
2020-12-04,TCS,EQ,2709.45,2710.8,2738.85,2699.0,2723.0,2727.55,2722.95,2686527,731529148455000.0,121585,1180784,0.43950000000000006
2020-12-07,TCS,EQ,2727.55,2715.0,2744.0,2706.15,2741.0,2737.7,2721.02,1996400,543224614589999.94,111040,992587,0.4972
2020-12-08,TCS,EQ,2737.7,2740.0,2805.55,2732.45,2795.0,2797.3,2771.25,4277818,1185491485455000.0,273215,2085610,0.4875
2020-12-09,TCS,EQ,2797.3,2815.0,2840.0,2793.15,2812.05,2810.8,2817.31,3659996,1031135138554999.9,147222,1167517,0.319
2020-12-10,TCS,EQ,2810.8,2818.0,2827.3,2780.25,2784.8,2784.3,2794.17,2127801,594543893655000.0,106653,1009035,0.4742
2020-12-11,TCS,EQ,2784.3,2792.7,2807.7,2764.55,2782.0,2783.6,2789.22,1795408,500778148500000.0,90719,810401,0.4514
2020-12-14,TCS,EQ,2783.6,2802.0,2804.0,2756.25,2796.55,2797.7,2787.4,2483658,692295298810000.0,112781,1487586,0.5989
2020-12-15,TCS,EQ,2797.7,2786.0,2794.7,2755.0,2763.95,2761.55,2768.65,2365509,654927356960000.0,152067,1252080,0.5293
2020-12-16,TCS,EQ,2761.55,2779.0,2819.8,2760.45,2810.0,2814.2,2792.39,2565149,716289217905000.0,109504,1358603,0.5296000000000001
2020-12-17,TCS,EQ,2814.2,2811.0,2853.7,2805.0,2848.7,2838.2,2823.94,2863460,808623671670000.0,121983,1423130,0.49700000000000005
2020-12-18,TCS,EQ,2838.2,2868.0,2898.0,2846.2,2851.95,2861.0,2873.74,6076692,1746283783965000.2,178840,2436219,0.40090000000000003
2020-12-21,TCS,EQ,2861.0,2861.0,2886.5,2785.0,2810.0,2820.15,2853.21,2705195,771847616555000.0,141821,887083,0.3279
2020-12-22,TCS,EQ,2820.15,2834.0,2883.65,2818.65,2870.65,2872.5,2848.13,2881737,820756910695000.0,158517,1123581,0.3899
2020-12-23,TCS,EQ,2872.5,2876.05,2919.0,2865.45,2907.15,2908.75,2904.67,2790988,810691174125000.0,125341,947547,0.3395
2020-12-24,TCS,EQ,2908.75,2909.0,2921.35,2883.2,2908.95,2909.35,2902.86,1807144,524588655039999.94,76405,569310,0.315
2020-12-28,TCS,EQ,2909.35,2910.0,2949.7,2902.0,2932.1,2929.4,2929.11,2108994,617746746510000.0,106481,717415,0.34020000000000006
2020-12-29,TCS,EQ,2929.4,2920.0,2952.0,2920.0,2935.0,2930.5,2937.59,1994151,585799637670000.0,99597,926286,0.4645
2020-12-30,TCS,EQ,2930.5,2934.4,2947.7,2902.0,2910.0,2909.3,2918.0,2637968,769759602660000.0,87612,1441442,0.5464
2020-12-31,TCS,EQ,2909.3,2900.0,2905.0,2845.0,2864.95,2862.75,2874.36,4040956,1161517040155000.0,130170,2350220,0.5816
2021-01-01,TCS,EQ,2862.75,2880.0,2940.0,2879.0,2932.0,2928.25,2913.52,2681440,781243514030000.0,88216,504010,0.188
2021-01-04,TCS,EQ,2928.25,2950.0,3050.75,2940.95,3042.7,3039.45,2998.15,5113293,1533040522395000.0,207562,1182335,0.23120000000000002
2021-01-05,TCS,EQ,3039.45,3039.6,3114.25,3039.6,3090.65,3093.0,3084.07,5801309,1789163439480000.0,202735,1554550,0.268
2021-01-06,TCS,EQ,3093.0,3100.0,3113.5,3037.2,3053.0,3051.5,3078.56,3726716,1147293690735000.0,172084,1054841,0.28300000000000003
2021-01-07,TCS,EQ,3051.5,3075.0,3080.85,3000.25,3048.65,3032.8,3028.74,3717827,1126032190420000.0,167700,1490971,0.401
2021-01-08,TCS,EQ,3032.8,3090.0,3128.0,3060.0,3122.75,3120.9,3100.97,5879039,1823071703875000.0,214010,1754802,0.29850000000000004
2021-01-11,TCS,EQ,3120.9,3230.0,3230.0,3146.55,3170.45,3176.45,3174.16,9508039,3018004584135000.0,294091,3153741,0.33170000000000005
2021-01-12,TCS,EQ,3176.45,3176.45,3210.0,3150.0,3172.0,3174.85,3187.07,3611458,1150997277665000.0,142696,1656842,0.45880000000000004
2021-01-13,TCS,EQ,3174.85,3175.0,3177.0,3126.25,3158.0,3158.95,3147.46,3572801,1124526194115000.0,189690,1857249,0.5197999999999999
2021-01-14,TCS,EQ,3158.95,3155.0,3266.5,3120.4,3244.35,3250.7,3207.17,6931542,2223061126415000.2,276953,3067056,0.4425
2021-01-15,TCS,EQ,3250.7,3235.0,3274.0,3210.0,3229.95,3233.35,3240.98,4131692,1339073493065000.0,193972,1959292,0.4742
2021-01-18,TCS,EQ,3233.35,3250.0,3256.75,3187.4,3215.0,3221.75,3230.06,4160906,1343998925675000.0,195067,2204487,0.5297999999999999
2021-01-19,TCS,EQ,3221.75,3233.0,3279.0,3232.0,3265.6,3260.7,3256.44,2975735,969030798335000.0,135064,1409143,0.47350000000000003
2021-01-20,TCS,EQ,3260.7,3270.0,3327.95,3267.1,3305.0,3308.8,3304.97,3453446,1141353080730000.0,169490,1498128,0.4338
2021-01-21,TCS,EQ,3308.8,3305.0,3309.15,3262.1,3274.05,3273.85,3281.88,2778546,911885266170000.1,134629,1222458,0.44
2021-01-22,TCS,EQ,3273.85,3241.9,3325.0,3241.9,3292.2,3303.1,3300.02,3052459,1007316382550000.0,120993,1419347,0.465
2021-01-25,TCS,EQ,3303.1,3308.95,3339.8,3278.65,3298.0,3291.3,3314.24,2272887,753288990635000.0,122553,1208668,0.5318
2021-01-27,TCS,EQ,3291.3,3300.0,3306.45,3227.0,3263.0,3261.05,3265.48,2786662,909978235404999.9,175811,1396514,0.5011
2021-01-28,TCS,EQ,3261.05,3230.0,3275.0,3183.8,3202.95,3196.55,3221.23,3083938,993406546635000.0,154535,1689185,0.5477000000000001
2021-01-29,TCS,EQ,3196.55,3210.05,3216.85,3100.0,3126.95,3111.35,3142.99,5445659,1711564604540000.0,185207,3601765,0.6614
2021-02-01,TCS,EQ,3111.35,3100.0,3165.0,3044.1,3150.0,3139.35,3098.04,3985846,1234831821280000.0,280031,2125201,0.5332
2021-02-02,TCS,EQ,3139.35,3174.0,3224.0,3150.0,3195.0,3203.45,3197.36,2881837,921428242810000.0,114024,1461083,0.507
2021-02-03,TCS,EQ,3203.45,3213.0,3236.0,3162.65,3200.0,3200.05,3209.5,2505866,804258172380000.0,116096,916858,0.36590000000000006
2021-02-04,TCS,EQ,3200.05,3216.05,3237.85,3176.0,3185.5,3188.45,3198.51,2057261,658016000475000.0,105804,994481,0.48340000000000005
2021-02-05,TCS,EQ,3188.45,3198.95,3205.85,3129.0,3160.5,3157.95,3154.91,2366135,746493289755000.0,143150,992928,0.41960000000000003
2021-02-08,TCS,EQ,3157.95,3189.5,3226.0,3155.15,3219.0,3214.1,3191.08,2526592,806254769785000.0,155790,1160977,0.4595
2021-02-09,TCS,EQ,3214.1,3195.0,3245.8,3164.0,3176.0,3176.9,3212.7,2658751,854177594325000.0,171299,1305574,0.49100000000000005
2021-02-10,TCS,EQ,3176.9,3185.0,3219.4,3157.3,3215.5,3213.3,3197.06,2127983,680328993100000.0,115813,713331,0.33520000000000005
2021-02-11,TCS,EQ,3213.3,3215.0,3219.3,3185.05,3204.5,3206.0,3201.77,1165882,373288424870000.0,53910,466871,0.4004
2021-02-12,TCS,EQ,3206.0,3184.2,3245.5,3182.0,3188.25,3190.8,3214.96,2777404,892925369829999.9,113414,872187,0.314
2021-02-15,TCS,EQ,3190.8,3209.0,3209.0,3131.55,3149.0,3139.85,3156.8,2630853,830506920135000.0,143467,1214830,0.4618
2021-02-16,TCS,EQ,3139.85,3150.0,3167.65,3100.0,3113.0,3108.8,3122.98,3435770,1072984966590000.0,171006,1651579,0.4807
2021-02-17,TCS,EQ,3108.8,3105.1,3132.85,3045.55,3073.45,3073.1,3076.93,3678426,1131826212510000.0,204277,1516981,0.41240000000000004
2021-02-18,TCS,EQ,3073.1,3065.0,3097.9,3031.0,3055.0,3057.35,3057.94,4189909,1281251032700000.0,176370,2042317,0.48740000000000006
2021-02-19,TCS,EQ,3057.35,3058.0,3087.15,3016.15,3078.0,3071.85,3047.73,3725028,1135288752785000.0,130797,1878814,0.5044
2021-02-22,TCS,EQ,3071.85,3096.0,3096.0,2943.15,2955.5,2958.45,2999.26,5366696,1609612100220000.0,266786,2809615,0.5235000000000001
2021-02-23,TCS,EQ,2958.45,2970.0,3028.0,2968.0,2985.1,2980.2,2996.35,3832829,1148451363145000.0,192941,1770672,0.462
2021-02-24,TCS,EQ,2980.2,2972.0,3003.35,2921.15,2946.85,2948.1,2946.07,3774549,1112008188695000.1,132336,2336704,0.6191
2021-02-25,TCS,EQ,2948.1,2974.0,3029.9,2968.45,2985.05,2995.3,3000.62,4224073,1267484932045000.0,223397,2152055,0.5095000000000001
2021-02-26,TCS,EQ,2995.3,2960.0,2972.35,2880.0,2903.85,2894.3,2916.68,5553153,1619677708255000.0,348532,2860279,0.5151
2021-03-01,TCS,EQ,2894.3,2926.0,2965.0,2901.8,2935.5,2924.2,2929.39,3265871,956701265835000.0,170820,1676148,0.5132
2021-03-02,TCS,EQ,2924.2,2960.0,3025.0,2948.0,3019.0,3006.35,2981.6,3306469,985856023235000.0,186577,1407212,0.42560000000000003
2021-03-03,TCS,EQ,3006.35,3035.0,3064.0,2996.9,3058.0,3059.1,3036.11,3509857,1065631524804999.9,183148,2032166,0.579
2021-03-04,TCS,EQ,3059.1,3023.0,3081.45,3016.05,3042.9,3049.7,3058.77,3916760,1198048343205000.0,174500,2035315,0.5196000000000001
2021-03-05,TCS,EQ,3049.7,3016.1,3063.2,2996.6,3025.0,3008.05,3033.92,3203686,971971983410000.0,127882,1390830,0.4341
2021-03-08,TCS,EQ,3008.05,3016.0,3033.0,2996.0,3008.7,3006.95,3016.64,2003125,604270243175000.0,113743,842670,0.4207
2021-03-09,TCS,EQ,3006.95,3006.95,3066.9,2992.1,3060.5,3050.95,3023.94,1942397,587369896555000.0,133488,1020339,0.5253
2021-03-10,TCS,EQ,3050.95,3075.0,3093.2,3060.0,3070.0,3070.95,3077.29,3053778,939735990129999.9,164340,1631893,0.5344
2021-03-12,TCS,EQ,3070.95,3075.0,3117.0,3041.35,3053.1,3057.95,3084.2,2938317,906234331440000.0,128801,1465667,0.4988
2021-03-15,TCS,EQ,3057.95,3041.0,3099.0,3041.0,3062.05,3066.15,3069.74,3097140,950741076229999.9,138642,1677136,0.5415
2021-03-16,TCS,EQ,3066.15,3060.0,3141.0,3060.0,3106.0,3110.05,3114.11,4894756,1524281760180000.0,190871,2441085,0.4987
2021-03-17,TCS,EQ,3110.05,3105.0,3155.0,3085.3,3107.4,3112.95,3130.14,3838390,1201471114205000.0,183445,1776834,0.4629
2021-03-18,TCS,EQ,3112.95,3125.95,3146.45,2987.05,3042.0,3036.5,3083.67,3656306,1127482805835000.0,164183,1670043,0.4568
2021-03-19,TCS,EQ,3036.5,3030.0,3099.0,3005.0,3054.8,3050.2,3049.18,5776626,1761398502965000.2,153489,3138698,0.5433
2021-03-22,TCS,EQ,3050.2,3048.7,3139.45,3018.65,3128.0,3129.65,3086.03,2821646,870767892310000.0,137406,1165276,0.413
2021-03-23,TCS,EQ,3129.65,3140.0,3169.0,3122.85,3142.0,3142.6,3148.33,3305973,1040829972690000.0,167131,1615396,0.4886
2021-03-24,TCS,EQ,3142.6,3111.2,3152.3,3111.15,3123.6,3121.1,3130.63,2207104,690963185900000.0,110682,930779,0.4217
2021-03-25,TCS,EQ,3121.1,3112.2,3130.85,3050.0,3074.5,3064.85,3091.11,3179786,982906410790000.0,153808,1567362,0.4929
2021-03-26,TCS,EQ,3064.85,3090.65,3118.0,3043.05,3062.0,3066.8,3078.97,3697370,1138408459230000.0,201134,1512152,0.409
2021-03-30,TCS,EQ,3066.8,3083.0,3188.45,3060.9,3172.0,3158.55,3139.65,4694261,1473833444425000.0,191356,2277177,0.4851
2021-03-31,TCS,EQ,3158.55,3155.0,3205.0,3132.0,3175.3,3177.85,3177.88,3530069,1121813515304999.9,156653,1236712,0.3503
2021-04-01,TCS,EQ,3177.85,3191.1,3215.0,3145.0,3167.0,3165.0,3178.41,4285076,1361974347475000.0,154796,2256615,0.5266
2021-04-05,TCS,EQ,3165.0,3171.0,3263.0,3151.0,3241.0,3238.9,3206.75,5317862,1705305093960000.0,229667,2518855,0.4737
2021-04-06,TCS,EQ,3238.9,3275.0,3275.0,3230.0,3266.5,3264.7,3254.36,2291562,745757055740000.0,109190,834510,0.3642
2021-04-07,TCS,EQ,3264.7,3259.0,3277.55,3234.8,3271.0,3271.4,3258.05,2491268,811666625770000.0,122792,1125695,0.45189999999999997
2021-04-08,TCS,EQ,3271.4,3270.0,3335.0,3266.05,3315.0,3317.35,3314.03,2578118,854395609410000.0,142722,987260,0.3829
2021-04-09,TCS,EQ,3317.35,3354.0,3354.35,3308.0,3325.0,3322.25,3327.38,2911129,968642220065000.0,114832,1043656,0.35850000000000004
2021-04-12,TCS,EQ,3322.25,3322.25,3338.1,3213.2,3250.0,3246.55,3275.21,3791828,1241901830100000.0,202522,1329121,0.3505
2021-04-13,TCS,EQ,3246.55,3214.0,3214.0,3073.05,3120.0,3104.05,3116.13,8654596,2696888355105000.0,436638,3104217,0.35869999999999996
2021-04-15,TCS,EQ,3104.05,3160.3,3237.25,3087.45,3227.0,3218.95,3168.14,6062760,1920765590759999.8,219212,3038656,0.5012
2021-04-16,TCS,EQ,3218.95,3229.0,3247.0,3182.6,3186.1,3195.15,3209.11,3224657,1034828751260000.0,123918,1401641,0.4347
2021-04-19,TCS,EQ,3195.15,3169.0,3189.0,3135.1,3159.15,3161.8,3164.13,2679106,847703116755000.0,126444,1340909,0.5005
2021-04-20,TCS,EQ,3161.8,3225.0,3225.35,3126.35,3140.0,3144.55,3150.28,3141893,989784313245000.1,162928,1747537,0.5562
2021-04-22,TCS,EQ,3144.55,3148.0,3148.0,3105.25,3121.05,3118.8,3122.39,1988980,621038033540000.0,172941,1191717,0.5992000000000001
2021-04-23,TCS,EQ,3118.8,3105.0,3119.0,3091.05,3110.2,3109.5,3105.86,1615309,501693033885000.06,93127,772358,0.4781
2021-04-26,TCS,EQ,3109.5,3102.05,3153.0,3088.05,3100.05,3100.8,3122.35,2490260,777546496120000.0,87012,1345353,0.5402
2021-04-27,TCS,EQ,3100.8,3106.0,3136.1,3103.0,3132.75,3132.0,3122.18,1471417,459403586135000.06,97077,849767,0.5775
2021-04-28,TCS,EQ,3132.0,3149.95,3151.0,3112.0,3123.0,3124.1,3125.72,1639037,512317575675000.0,76017,847762,0.5172
2021-04-29,TCS,EQ,3124.1,3145.6,3157.35,3105.5,3114.45,3115.25,3130.83,1621395,507630590785000.06,98275,837567,0.5166
2021-04-30,TCS,EQ,3115.25,3099.0,3132.05,3020.0,3040.0,3035.65,3063.19,3072305,941105660510000.0,157829,1942473,0.6323
2021-05-03,TCS,EQ,3035.65,3024.9,3055.0,3004.0,3035.85,3037.0,3035.65,1545831,469260516620000.0,109575,636257,0.41159999999999997
2021-05-04,TCS,EQ,3037.0,3062.8,3090.0,3035.0,3052.9,3049.75,3061.2,1990777,609416759530000.0,94786,912440,0.4583
2021-05-05,TCS,EQ,3049.75,3070.0,3099.4,3052.4,3095.75,3095.7,3083.22,1939289,597925598885000.0,115524,1003404,0.5174000000000001
2021-05-06,TCS,EQ,3095.7,3105.5,3134.0,3074.0,3115.9,3111.45,3107.27,1791671,556721377310000.06,72680,831131,0.46390000000000003
2021-05-07,TCS,EQ,3111.45,3133.0,3159.85,3111.8,3131.0,3132.9,3136.92,1912540,599949221040000.0,94194,946390,0.49479999999999996
2021-05-10,TCS,EQ,3132.9,3145.95,3164.2,3125.0,3147.0,3145.5,3145.94,2137153,672335601690000.0,100229,1258111,0.5887
2021-05-11,TCS,EQ,3145.5,3125.0,3128.1,3091.15,3120.0,3122.6,3111.04,2415625,751510266710000.0,93623,1484826,0.6147
2021-05-12,TCS,EQ,3122.6,3120.0,3120.0,3070.6,3085.5,3087.6,3086.76,1978558,610732966155000.0,101860,1219688,0.6165
2021-05-14,TCS,EQ,3087.6,3098.5,3098.5,3040.0,3052.0,3051.5,3051.89,2043935,623786256075000.0,126572,1281535,0.627
2021-05-17,TCS,EQ,3051.5,3055.0,3075.2,3036.0,3072.75,3069.75,3054.41,2890462,882864206775000.0,98199,1759849,0.6088
2021-05-18,TCS,EQ,3069.75,3100.0,3124.0,3078.0,3089.0,3088.8,3097.13,2098538,649944292295000.0,65396,1156834,0.5513
2021-05-19,TCS,EQ,3088.8,3084.0,3118.0,3067.1,3084.9,3082.0,3095.03,1986041,614684771590000.0,112427,1244083,0.6264000000000001
2021-05-20,TCS,EQ,3082.0,3067.1,3088.8,3052.1,3060.65,3060.0,3065.96,2329027,714069382545000.0,110631,1512325,0.6493000000000001
2021-05-21,TCS,EQ,3060.0,3061.0,3088.2,3055.1,3080.5,3080.5,3075.95,1685566,518471506535000.06,74555,1085313,0.6439
2021-05-24,TCS,EQ,3080.5,3081.5,3105.0,3072.0,3082.45,3081.5,3089.42,1652260,510452704180000.0,79516,896770,0.5428000000000001
2021-05-25,TCS,EQ,3081.5,3092.0,3128.25,3082.1,3115.0,3114.0,3111.62,1841613,573039591255000.0,122270,902281,0.48990000000000006
2021-05-26,TCS,EQ,3114.0,3120.0,3165.0,3103.8,3158.0,3158.5,3143.41,1923753,604714546135000.0,98431,937133,0.48710000000000003
2021-05-27,TCS,EQ,3158.5,3161.95,3217.75,3161.8,3198.0,3180.0,3189.1,5959785,1900634522215000.2,181046,3733267,0.6264000000000001
2021-05-28,TCS,EQ,3180.0,3189.5,3198.0,3135.65,3146.35,3143.6,3161.25,1763701,557549288905000.0,98509,941310,0.5337
2021-05-31,TCS,EQ,3143.6,3150.0,3170.35,3128.6,3163.4,3159.15,3155.52,1652799,521543944810000.06,86026,731415,0.4425
2021-06-01,TCS,EQ,3159.15,3168.6,3169.95,3132.0,3153.9,3153.0,3147.93,1377441,433608304489999.94,91948,748839,0.5436
2021-06-02,TCS,EQ,3153.0,3150.85,3159.45,3115.0,3135.0,3129.45,3128.08,2240078,700713447480000.0,132990,1411614,0.6302000000000001
2021-06-03,TCS,EQ,3129.45,3154.55,3154.55,3122.65,3144.9,3141.25,3136.68,1281706,402030071305000.0,91185,617798,0.48200000000000004
2021-06-04,TCS,EQ,3141.25,3128.0,3156.85,3125.0,3138.5,3143.75,3140.46,1836060,576607100315000.0,78503,1117232,0.6085
2021-06-07,TCS,EQ,3143.75,3145.0,3190.45,3133.6,3187.0,3183.2,3157.52,2559821,808268947570000.0,102542,1587945,0.6203000000000001
2021-06-08,TCS,EQ,3183.2,3198.0,3231.0,3187.2,3199.35,3200.15,3212.89,2574057,827015954555000.0,115327,1314327,0.5106
2021-06-09,TCS,EQ,3200.15,3202.0,3220.0,3186.2,3199.7,3200.25,3202.19,1710925,547870569135000.06,75025,996569,0.5825
2021-06-10,TCS,EQ,3200.25,3210.0,3224.0,3193.0,3216.0,3216.8,3210.54,1874324,601758951215000.0,100093,1002378,0.5347999999999999
2021-06-11,TCS,EQ,3216.8,3211.55,3309.0,3211.0,3279.0,3273.8,3269.42,3452954,1128916856140000.0,139241,1428491,0.41369999999999996
2021-06-14,TCS,EQ,3273.8,3279.0,3308.7,3270.35,3277.15,3276.35,3284.58,1847360,606779980860000.0,82241,925400,0.5009
2021-06-15,TCS,EQ,3276.35,3298.0,3298.0,3251.55,3262.0,3262.75,3275.11,1304985,427397042260000.0,96054,694189,0.532
2021-06-16,TCS,EQ,3262.75,3262.1,3294.7,3253.0,3270.0,3274.35,3273.56,1635552,535407778245000.0,92225,973246,0.5951
2021-06-17,TCS,EQ,3274.35,3265.5,3336.05,3260.0,3328.0,3317.75,3295.52,2273413,749208786165000.0,131862,1308141,0.5754
2021-06-18,TCS,EQ,3317.75,3350.9,3358.0,3275.0,3303.0,3297.3,3312.52,3380431,1119776179129999.9,141335,1857893,0.5496
2021-06-21,TCS,EQ,3297.3,3265.0,3286.0,3251.7,3273.0,3273.1,3270.48,1130569,369750460130000.0,77545,567529,0.502
2021-06-22,TCS,EQ,3273.1,3304.0,3327.05,3285.0,3304.0,3301.2,3309.41,1708688,565475106065000.0,91864,960829,0.5623
2021-06-23,TCS,EQ,3301.2,3329.0,3329.0,3256.4,3267.3,3261.4,3277.84,1467104,480892870789999.94,97430,960116,0.6544
2021-06-24,TCS,EQ,3261.4,3284.0,3383.0,3278.5,3370.0,3373.6,3344.69,4155204,1389785367510000.0,191883,1837245,0.4422
2021-06-25,TCS,EQ,3373.6,3375.25,3399.65,3350.0,3371.0,3380.8,3377.11,2722861,919541296285000.0,112139,1582890,0.5813
2021-06-28,TCS,EQ,3380.8,3391.5,3391.5,3333.0,3342.0,3336.75,3345.72,1355238,453424977000000.0,80472,669783,0.49420000000000003
2021-06-29,TCS,EQ,3336.75,3342.0,3366.3,3326.5,3335.25,3340.85,3344.11,1497322,500721616085000.06,97261,874417,0.584
2021-06-30,TCS,EQ,3340.85,3346.0,3382.0,3338.5,3351.0,3345.75,3356.8,1693146,568354809895000.0,101344,958794,0.5663
2021-07-01,TCS,EQ,3345.75,3358.0,3362.0,3332.35,3338.0,3341.5,3343.83,990310,331142747880000.0,63177,590638,0.5964
2021-07-02,TCS,EQ,3341.5,3331.0,3339.7,3295.2,3329.0,3325.45,3311.83,1682274,557140677464999.94,124870,885899,0.5266
2021-07-05,TCS,EQ,3325.45,3342.0,3374.0,3302.0,3328.0,3321.0,3342.14,1972858,659356050690000.0,113655,981734,0.4976
2021-07-06,TCS,EQ,3321.0,3313.0,3328.0,3256.1,3273.65,3262.3,3285.26,2159420,709426285745000.0,142732,1052180,0.48729999999999996
2021-07-07,TCS,EQ,3262.3,3275.0,3282.7,3241.6,3275.85,3274.95,3264.79,2640710,862135611904999.9,119862,1398154,0.5295000000000001
2021-07-08,TCS,EQ,3274.95,3298.0,3298.0,3231.9,3253.0,3258.5,3264.38,2485811,811464297235000.0,159147,1154747,0.4645
2021-07-09,TCS,EQ,3258.5,3250.0,3282.0,3201.0,3211.8,3208.15,3232.37,6365067,2057427492125000.0,321370,2125726,0.334
2021-07-12,TCS,EQ,3208.15,3235.0,3236.0,3188.35,3198.4,3193.1,3212.9,1892226,607952366895000.0,136133,960804,0.5078
2021-07-13,TCS,EQ,3193.1,3214.0,3214.0,3175.0,3190.4,3187.55,3192.6,1809339,577649837375000.0,119046,1151250,0.6363000000000001
2021-07-14,TCS,EQ,3187.55,3187.0,3222.0,3185.0,3214.4,3214.55,3207.79,2044279,655762055705000.0,121236,1175668,0.5751
2021-07-15,TCS,EQ,3214.55,3227.6,3231.85,3194.0,3201.9,3202.95,3207.01,2232968,716116039600000.0,134474,1419357,0.6356
2021-07-16,TCS,EQ,3202.95,3213.0,3219.85,3192.0,3194.5,3194.8,3202.38,1256526,402387947480000.0,90365,762190,0.6066
2021-07-19,TCS,EQ,3194.8,3180.0,3199.8,3176.0,3184.9,3184.6,3185.26,1597058,508704196864999.94,78047,1033190,0.6469
2021-07-20,TCS,EQ,3184.6,3184.6,3215.0,3156.15,3203.85,3205.8,3187.48,1811945,577554090405000.0,132943,1090944,0.6021
2021-07-22,TCS,EQ,3205.8,3190.0,3224.95,3190.0,3214.7,3216.35,3212.15,2859334,918460170054999.9,121867,1999067,0.6990999999999999
2021-07-23,TCS,EQ,3216.35,3230.0,3241.55,3206.65,3210.0,3212.85,3225.77,1776193,572959647160000.0,100269,1119762,0.6304
2021-07-26,TCS,EQ,3212.85,3200.0,3224.25,3190.85,3200.35,3197.55,3205.52,1259611,403770919205000.0,87600,760050,0.6034
2021-07-27,TCS,EQ,3197.55,3200.0,3210.0,3161.15,3187.95,3182.95,3185.06,1121367,357161664505000.0,79117,736732,0.657
2021-07-28,TCS,EQ,3182.95,3188.0,3204.45,3132.4,3199.9,3197.8,3169.59,1660654,526359403555000.0,113534,954569,0.5748
2021-07-29,TCS,EQ,3197.8,3200.25,3225.45,3190.3,3194.0,3195.8,3207.56,1731997,555548467264999.94,123060,1099206,0.6346
2021-07-30,TCS,EQ,3195.8,3219.0,3223.5,3162.35,3167.7,3167.45,3191.59,2999943,957458833595000.1,140915,2166295,0.7221
2021-08-02,TCS,EQ,3167.45,3180.0,3224.9,3167.0,3220.0,3219.4,3199.51,2608669,834645382250000.0,112175,1907700,0.7313
2021-08-03,TCS,EQ,3219.4,3229.0,3290.0,3218.95,3278.5,3284.9,3265.75,3804735,1242531111535000.0,169947,2236727,0.5879
2021-08-04,TCS,EQ,3284.9,3300.0,3305.2,3261.2,3275.0,3273.95,3280.85,2929598,961156542720000.1,97356,1989255,0.679
2021-08-05,TCS,EQ,3273.95,3275.0,3315.0,3262.5,3282.15,3283.95,3291.59,2534521,834259722305000.0,101103,1358151,0.5359
2021-08-06,TCS,EQ,3283.95,3272.55,3324.0,3265.0,3311.0,3309.8,3299.35,2292362,756330916225000.0,102596,1459676,0.6368
2021-08-09,TCS,EQ,3309.8,3323.9,3337.0,3310.0,3321.0,3322.7,3323.8,1510489,502056671125000.0,96243,969058,0.6416
2021-08-10,TCS,EQ,3322.7,3315.6,3349.9,3315.6,3330.5,3333.9,3334.47,2040777,680491478820000.0,100513,1237530,0.6064
2021-08-11,TCS,EQ,3333.9,3350.0,3360.0,3327.1,3348.0,3344.2,3344.63,1929707,645416167350000.0,104272,1138089,0.5898
2021-08-12,TCS,EQ,3344.2,3326.0,3368.0,3326.0,3347.0,3351.75,3353.87,1310205,439425574364999.94,84190,824872,0.6296
2021-08-13,TCS,EQ,3351.75,3360.75,3480.0,3357.5,3456.05,3463.4,3438.94,4363584,1500608271035000.0,217264,2132472,0.48869999999999997
2021-08-16,TCS,EQ,3463.4,3460.0,3494.35,3436.5,3464.75,3472.95,3470.4,2083489,723054974925000.0,120736,1177803,0.5653
2021-08-17,TCS,EQ,3472.95,3482.1,3560.8,3463.0,3548.0,3553.05,3523.43,4336019,1527764894165000.0,189016,2704831,0.6238
2021-08-18,TCS,EQ,3553.05,3573.85,3595.0,3536.6,3559.8,3560.55,3564.21,2631309,937855036820000.1,190233,1723543,0.655
2021-08-20,TCS,EQ,3560.55,3506.0,3575.0,3500.0,3551.6,3559.5,3553.61,2836148,1007857326904999.9,146932,1848299,0.6517000000000001
2021-08-23,TCS,EQ,3559.5,3580.0,3673.0,3561.9,3635.0,3637.4,3636.99,3744176,1361751891315000.0,182578,1842890,0.4922
2021-08-24,TCS,EQ,3637.4,3657.0,3667.35,3594.4,3615.05,3613.2,3626.54,2511141,910674153410000.0,140873,1556733,0.6199
2021-08-25,TCS,EQ,3613.2,3610.0,3697.75,3607.05,3665.0,3659.0,3667.15,2123263,778631779400000.0,132939,995370,0.46880000000000005
2021-08-26,TCS,EQ,3659.0,3660.0,3687.6,3647.9,3655.0,3671.85,3666.49,1902533,697562726560000.0,111272,1154816,0.6070000000000001
2021-08-27,TCS,EQ,3671.85,3666.0,3729.5,3651.1,3715.0,3720.15,3704.47,3944728,1461311500085000.0,146958,2524643,0.64
2021-08-30,TCS,EQ,3720.15,3715.0,3740.35,3687.6,3709.0,3701.3,3717.61,2033114,755832682190000.0,120886,1349616,0.6638
2021-08-31,TCS,EQ,3701.3,3709.4,3804.1,3703.45,3797.9,3786.45,3763.43,3207480,1207111128825000.0,118247,1862272,0.5806
2021-09-01,TCS,EQ,3786.45,3796.0,3816.7,3707.0,3715.0,3714.95,3742.07,2643336,989154839870000.1,159880,1863636,0.705
2021-09-02,TCS,EQ,3714.95,3734.0,3859.15,3722.0,3827.9,3836.75,3798.12,3403717,1292772334645000.0,147951,2036113,0.5982000000000001
2021-09-03,TCS,EQ,3836.75,3825.0,3856.9,3804.55,3835.0,3842.05,3830.31,1746812,669082562335000.0,110739,916975,0.5249
2021-09-06,TCS,EQ,3842.05,3849.7,3877.6,3814.0,3847.9,3852.0,3842.72,1723693,662367053895000.0,111169,978295,0.5676
2021-09-07,TCS,EQ,3852.0,3864.0,3869.95,3808.25,3823.85,3815.9,3834.63,1585039,607804378170000.0,97123,1010493,0.6375000000000001
2021-09-08,TCS,EQ,3815.9,3810.0,3815.0,3756.0,3777.0,3774.15,3798.07,4147175,1575125274710000.0,122519,3355232,0.809
2021-09-09,TCS,EQ,3774.15,3789.7,3808.7,3765.0,3793.0,3791.4,3787.1,1441148,545777438745000.0,124377,720189,0.4997
2021-09-13,TCS,EQ,3791.4,3767.0,3852.4,3767.0,3841.5,3845.35,3828.3,1691473,647546379490000.0,109836,789494,0.4667
2021-09-14,TCS,EQ,3845.35,3849.95,3896.5,3825.0,3880.1,3885.9,3873.73,1991188,771331631810000.0,104679,1273237,0.6394
2021-09-15,TCS,EQ,3885.9,3882.1,3980.0,3866.0,3950.0,3954.55,3929.4,2461369,967169839965000.0,120015,1222171,0.4965
2021-09-16,TCS,EQ,3954.55,3930.0,3981.75,3892.1,3903.05,3903.3,3931.95,2946666,1158613944820000.0,123851,2125781,0.7214
2021-09-17,TCS,EQ,3903.3,3920.0,3945.0,3805.0,3826.55,3827.85,3851.08,6477148,2494404635310000.0,155142,4501470,0.6950000000000001
2021-09-20,TCS,EQ,3827.85,3809.0,3871.0,3807.85,3820.05,3823.5,3837.22,2002008,768214733075000.0,120832,1112498,0.5557
2021-09-21,TCS,EQ,3823.5,3858.0,3871.55,3821.65,3861.95,3862.95,3850.74,1568129,603845560545000.0,99059,851956,0.5433
2021-09-22,TCS,EQ,3862.95,3862.5,3896.85,3852.45,3856.75,3862.15,3873.71,1744067,675600329395000.0,93000,1015045,0.5820000000000001
2021-09-23,TCS,EQ,3862.15,3870.0,3879.0,3835.0,3872.0,3869.25,3859.54,2003869,773401988640000.0,131024,1396484,0.6969
2021-09-24,TCS,EQ,3869.25,3890.0,3944.4,3855.0,3878.75,3871.3,3908.95,2320754,907171888985000.0,185756,1308031,0.5636
2021-09-27,TCS,EQ,3871.3,3900.0,3904.0,3802.9,3839.0,3836.95,3842.81,1673362,643041574460000.0,126569,989998,0.5916
2021-09-28,TCS,EQ,3836.95,3850.0,3850.0,3751.25,3777.05,3779.15,3784.75,2253075,852733047240000.0,140925,1558553,0.6917
2021-09-29,TCS,EQ,3779.15,3759.8,3806.0,3722.15,3794.55,3791.9,3767.14,2489161,937701595829999.9,138418,1548275,0.622
2021-09-30,TCS,EQ,3791.9,3805.0,3805.0,3750.1,3778.7,3775.55,3773.28,2252412,849898148930000.0,145940,1546273,0.6865000000000001
2021-10-01,TCS,EQ,3775.55,3781.75,3810.0,3725.0,3728.65,3730.2,3747.99,1578374,591572534365000.0,132388,916682,0.5808
2021-10-04,TCS,EQ,3730.2,3724.8,3783.65,3707.45,3779.0,3773.3,3762.58,1356860,510529064150000.0,82301,783170,0.5772
2021-10-05,TCS,EQ,3773.3,3754.0,3840.0,3741.6,3839.1,3833.3,3785.15,1877966,710838585815000.0,107053,1088332,0.5795
2021-10-06,TCS,EQ,3833.3,3836.0,3857.45,3795.0,3813.8,3810.9,3830.18,1678154,642763431605000.0,105524,949703,0.5659000000000001
2021-10-07,TCS,EQ,3810.9,3830.0,3899.0,3820.05,3898.0,3892.9,3868.01,1647233,637152115100000.0,100510,693631,0.42110000000000003
2021-10-08,TCS,EQ,3892.9,3925.0,3989.9,3900.0,3943.0,3935.65,3947.83,2934339,1158428317470000.0,178433,1040830,0.3547
2021-10-11,TCS,EQ,3935.65,3755.0,3757.5,3660.0,3687.95,3685.6,3702.67,11845402,4385965807425000.0,704881,6606303,0.5577000000000001
2021-10-12,TCS,EQ,3685.6,3706.0,3707.0,3630.6,3656.2,3652.85,3658.54,5752877,2104712043000000.0,371571,3799131,0.6604000000000001
2021-10-13,TCS,EQ,3652.85,3650.0,3675.45,3645.0,3658.05,3655.2,3655.85,3545655,1296236665515000.0,228263,2564283,0.7232
2021-10-14,TCS,EQ,3655.2,3625.0,3670.0,3608.2,3614.8,3611.45,3626.77,6442299,2336472024930000.0,406019,4714726,0.7318000000000001
2021-10-18,TCS,EQ,3611.45,3603.45,3652.7,3601.45,3649.0,3647.15,3631.23,3590107,1303651779915000.0,213590,2407286,0.6705
2021-10-19,TCS,EQ,3647.15,3669.0,3690.1,3625.2,3634.45,3634.15,3661.85,3135441,1148150058185000.0,191609,1815161,0.5789
2021-10-20,TCS,EQ,3634.15,3612.0,3630.0,3578.3,3607.95,3608.85,3606.05,2933693,1057903933704999.9,175675,1685241,0.5744
2021-10-21,TCS,EQ,3608.85,3604.1,3607.45,3511.25,3532.85,3532.5,3546.27,4871211,1727465000455000.0,295349,3125514,0.6416
2021-10-22,TCS,EQ,3532.5,3560.0,3561.6,3485.0,3501.85,3498.85,3511.44,2691670,945165009945000.1,163976,1700467,0.6318
2021-10-25,TCS,EQ,3498.85,3503.0,3514.55,3450.0,3491.0,3492.95,3477.23,2595594,902547143360000.0,139684,1627737,0.6271
2021-10-26,TCS,EQ,3492.95,3494.5,3529.0,3475.0,3485.9,3482.6,3494.69,3878763,1355508510410000.0,155172,2821225,0.7273999999999999
2021-10-27,TCS,EQ,3482.6,3483.0,3511.25,3483.0,3488.45,3489.75,3495.53,2510813,877662012900000.0,122328,1766894,0.7037000000000001
2021-10-28,TCS,EQ,3489.75,3518.0,3518.0,3415.0,3423.0,3421.65,3450.19,2424942,836651172210000.0,187690,1497979,0.6177
2021-10-29,TCS,EQ,3421.65,3400.05,3461.0,3385.95,3404.0,3397.75,3424.21,3960501,1356160156760000.0,241935,2238879,0.5653
2021-11-01,TCS,EQ,3397.75,3437.95,3487.0,3412.95,3482.35,3476.4,3445.74,2020718,696287168890000.0,154841,1166862,0.5774
2021-11-02,TCS,EQ,3476.4,3494.0,3513.6,3469.75,3484.0,3484.2,3490.81,3087414,1077756715290000.0,134659,2067119,0.6695000000000001
2021-11-03,TCS,EQ,3484.2,3504.2,3519.9,3466.05,3488.0,3492.25,3492.58,1537639,537032726685000.06,98779,791208,0.5146000000000001
2021-11-04,TCS,EQ,3492.25,3512.95,3513.25,3505.0,3508.65,3508.65,3509.12,328991,115446824830000.0,42244,246904,0.7505
2021-11-08,TCS,EQ,3508.65,3548.0,3548.0,3481.2,3506.0,3502.75,3503.3,2526082,884962222179999.9,144893,1652814,0.6543000000000001
2021-11-09,TCS,EQ,3502.75,3508.0,3535.0,3496.0,3503.0,3505.7,3508.51,1782692,625459439595000.0,90441,1106403,0.6206
2021-11-10,TCS,EQ,3505.7,3498.0,3519.7,3480.2,3484.95,3484.3,3494.09,1516489,529875495555000.0,115924,955899,0.6303
2021-11-11,TCS,EQ,3484.3,3480.0,3510.05,3436.0,3505.0,3488.2,3464.62,1284514,445034703155000.0,98386,614576,0.47850000000000004
2021-11-12,TCS,EQ,3488.2,3506.0,3534.15,3485.7,3524.0,3526.05,3509.52,1747259,613204878570000.0,98323,1086001,0.6215
2021-11-15,TCS,EQ,3526.05,3528.0,3569.6,3528.0,3550.0,3553.3,3554.41,1809157,643048408455000.0,113981,1104175,0.6103000000000001
2021-11-16,TCS,EQ,3553.3,3569.0,3575.55,3542.0,3548.0,3556.4,3560.79,2013204,716860574385000.0,105284,1371662,0.6813
2021-11-17,TCS,EQ,3556.4,3550.6,3562.85,3506.4,3520.8,3521.9,3533.85,1632914,577046650680000.0,126358,1033842,0.6331
2021-11-18,TCS,EQ,3521.9,3515.15,3520.85,3451.6,3471.95,3475.7,3478.49,2136598,743214386740000.0,135284,1367516,0.64
2021-11-22,TCS,EQ,3475.7,3478.4,3515.95,3440.3,3463.75,3458.4,3482.5,3167936,1103234910620000.1,169460,2146221,0.6775
2021-11-23,TCS,EQ,3458.4,3445.0,3480.95,3407.8,3472.0,3464.25,3455.05,2153461,744030803735000.0,160137,1449786,0.6731999999999999
2021-11-24,TCS,EQ,3464.25,3472.2,3493.05,3424.0,3431.95,3443.3,3469.8,2161746,750083283410000.0,163891,1640323,0.7587999999999999
2021-11-25,TCS,EQ,3443.3,3443.9,3463.0,3434.05,3450.0,3445.9,3451.54,1849619,638403018895000.0,102359,1294556,0.6999
2021-11-26,TCS,EQ,3445.9,3425.0,3490.0,3411.9,3439.2,3446.85,3454.4,1941251,670585348080000.0,156945,1152929,0.5939
2021-11-29,TCS,EQ,3446.85,3447.15,3529.35,3406.45,3503.5,3502.0,3490.28,2981745,1040713064529999.9,206893,1648719,0.5529000000000001
2021-11-30,TCS,EQ,3502.0,3491.0,3563.75,3491.0,3535.0,3529.15,3535.48,5588446,1975784611305000.0,208979,3849797,0.6889000000000001
2021-12-01,TCS,EQ,3529.15,3535.0,3590.0,3535.0,3581.0,3577.8,3568.53,2102118,750146733490000.0,177235,1311474,0.6239
2021-12-02,TCS,EQ,3577.8,3589.2,3648.0,3574.1,3637.0,3642.9,3614.21,3152938,1139538780295000.0,146031,2208112,0.7003
2021-12-03,TCS,EQ,3642.9,3646.45,3665.95,3630.85,3641.0,3640.45,3644.63,2486263,906149910735000.0,136470,1904713,0.7661
2021-12-06,TCS,EQ,3640.45,3640.45,3658.0,3522.0,3533.8,3536.4,3585.65,1849642,663217277845000.0,117199,1050297,0.5678
2021-12-07,TCS,EQ,3536.4,3562.5,3598.0,3524.3,3589.9,3584.5,3572.57,1484458,530332838625000.0,107141,812623,0.5474
2021-12-08,TCS,EQ,3584.5,3601.0,3646.45,3601.0,3624.0,3626.9,3631.02,1428660,518748913160000.06,88625,826623,0.5786
2021-12-09,TCS,EQ,3626.9,3610.0,3634.75,3566.0,3600.0,3601.75,3593.64,1567957,563466650240000.0,100995,890952,0.5682
2021-12-10,TCS,EQ,3601.75,3585.0,3642.0,3575.1,3630.0,3636.8,3611.25,1510718,545557866705000.0,69648,833404,0.5517000000000001
2021-12-13,TCS,EQ,3636.8,3650.0,3662.0,3601.7,3615.0,3609.65,3626.62,1883864,683206563760000.0,93875,1329794,0.7059000000000001
2021-12-14,TCS,EQ,3609.65,3605.0,3635.0,3576.7,3619.95,3623.8,3618.04,1747007,632073440010000.0,105436,1216832,0.6965000000000001
2021-12-15,TCS,EQ,3623.8,3620.0,3623.0,3558.15,3571.0,3570.35,3575.02,1603233,573159593960000.0,109534,1141894,0.7122
2021-12-16,TCS,EQ,3570.35,3582.0,3608.45,3570.0,3585.0,3581.6,3582.96,2072320,742503231885000.0,93950,1560825,0.7532
2021-12-17,TCS,EQ,3581.6,3602.5,3651.35,3573.7,3574.9,3584.35,3608.9,4333992,1564095896415000.0,213460,2677223,0.6177
2021-12-20,TCS,EQ,3584.35,3589.0,3606.0,3510.15,3559.3,3556.9,3569.27,2312310,825326197510000.0,146094,1243439,0.5377000000000001
2021-12-21,TCS,EQ,3556.9,3582.65,3641.2,3566.4,3611.0,3608.3,3617.22,2340989,846787760190000.0,118423,1470826,0.6283
2021-12-22,TCS,EQ,3608.3,3624.0,3636.8,3606.25,3628.3,3630.75,3625.84,1224328,443922331650000.0,102255,755182,0.6168
2021-12-23,TCS,EQ,3630.75,3648.0,3670.5,3630.0,3660.65,3662.7,3656.52,1792861,655562317405000.0,98445,1107607,0.6178
2021-12-24,TCS,EQ,3662.7,3685.0,3705.0,3644.8,3671.0,3670.9,3673.31,2209923,811772756170000.0,88664,1156092,0.5231
2021-12-27,TCS,EQ,3670.9,3671.0,3700.0,3653.1,3696.5,3696.1,3684.66,1534135,565276417230000.0,80828,866793,0.5650000000000001
2021-12-28,TCS,EQ,3696.1,3710.0,3725.0,3693.85,3706.95,3706.55,3713.05,1456218,540701257125000.0,83968,917903,0.6303
2021-12-29,TCS,EQ,3706.55,3692.25,3719.95,3685.0,3688.05,3694.7,3704.9,1456923,539775867200000.0,94120,1091321,0.7491
2021-12-30,TCS,EQ,3694.7,3681.35,3740.0,3680.0,3737.0,3733.75,3725.52,1966475,732613356790000.0,105274,1296163,0.6591
2021-12-31,TCS,EQ,3733.75,3742.8,3760.0,3731.3,3740.0,3738.35,3744.51,1207141,452014905645000.0,101227,727618,0.6028
2022-01-03,TCS,EQ,3738.35,3750.0,3830.0,3745.0,3815.0,3817.75,3807.43,2346158,893282798115000.0,143798,1433211,0.6109
2022-01-04,TCS,EQ,3817.75,3831.1,3889.15,3811.7,3878.7,3884.75,3859.3,2488606,960427401429999.9,141253,1539134,0.6185
2022-01-05,TCS,EQ,3884.75,3865.0,3870.0,3812.4,3856.0,3860.95,3847.67,1733031,666813168800000.0,136018,988277,0.5703
2022-01-06,TCS,EQ,3860.95,3812.0,3835.0,3772.0,3809.95,3807.45,3802.98,1810293,688450014955000.0,135529,995325,0.5498
2022-01-07,TCS,EQ,3807.45,3820.0,3864.9,3796.4,3858.9,3853.5,3839.03,2460591,944628370175000.0,157006,1501620,0.6103000000000001
2022-01-10,TCS,EQ,3853.5,3978.0,3978.0,3861.0,3884.0,3879.85,3897.84,3937092,1534616614980000.0,247085,1687823,0.42869999999999997
2022-01-11,TCS,EQ,3879.85,3856.0,3925.0,3856.0,3917.0,3915.9,3896.96,1906106,742801470035000.0,160870,1054450,0.5532
2022-01-12,TCS,EQ,3915.9,3925.0,3929.0,3836.55,3857.0,3859.9,3874.16,3203744,1241181599080000.0,241232,1866561,0.5826
2022-01-13,TCS,EQ,3859.9,3918.0,3923.0,3857.0,3898.0,3897.9,3891.72,6684507,2601425827950000.0,401435,3737081,0.5590999999999999
2022-01-14,TCS,EQ,3897.9,3877.85,3977.0,3860.05,3965.35,3968.15,3924.25,3348123,1313888127310000.0,213960,1768475,0.5282
2022-01-17,TCS,EQ,3968.15,3992.7,4043.0,3962.3,4025.0,4019.15,4010.33,3442604,1380598084045000.0,230947,1699919,0.4938
2022-01-18,TCS,EQ,4019.15,4033.95,4041.7,3980.0,3993.95,3990.6,4009.82,2389041,957961942410000.0,185771,1635845,0.6847
2022-01-19,TCS,EQ,3990.6,4012.0,4012.0,3910.5,3914.7,3914.65,3937.16,3102539,1221519598315000.0,260043,2121306,0.6837000000000001
2022-01-20,TCS,EQ,3914.65,3910.0,3920.0,3811.0,3833.15,3826.55,3843.03,6176776,2373755701775000.0,349194,4962139,0.8034
2022-01-21,TCS,EQ,3826.55,3807.0,3851.55,3771.1,3840.0,3833.5,3820.58,3112358,1189102605045000.0,240408,1795708,0.5770000000000001
2022-01-24,TCS,EQ,3833.5,3840.0,3849.65,3740.1,3769.95,3771.35,3783.08,3258414,1232683075315000.0,288359,1827786,0.6306
2022-01-25,TCS,EQ,3771.35,3769.5,3809.4,3722.2,3765.0,3769.9,3763.15,3330501,1253318247650000.0,298567,2094835,0.629
2022-01-27,TCS,EQ,3769.9,3731.0,3733.4,3625.1,3652.0,3649.25,3669.1,5718297,2098102887055000.0,473910,3887598,0.6799
2022-01-28,TCS,EQ,3649.25,3646.0,3729.8,3646.0,3697.85,3690.05,3702.94,3143862,1164152481125000.0,226989,1863034,0.5926
2022-01-31,TCS,EQ,3690.05,3749.0,3758.0,3721.4,3744.95,3736.25,3741.03,2739393,1024814887210000.0,193114,1708467,0.6237
2022-02-01,TCS,EQ,3736.25,3770.0,3808.0,3736.4,3805.0,3800.65,3781.44,2105169,796057836350000.0,149564,1067316,0.507
2022-02-02,TCS,EQ,3800.65,3827.9,3864.0,3800.65,3863.0,3856.2,3841.31,1984212,762196388990000.0,139468,1158079,0.5836
2022-02-03,TCS,EQ,3856.2,3851.0,3882.5,3816.05,3819.0,3824.6,3850.57,1960538,754918294205000.0,137513,1242614,0.6338
2022-02-04,TCS,EQ,3824.6,3815.3,3824.7,3769.0,3818.0,3814.9,3804.03,2307366,877728368504999.9,160651,1415833,0.6136
2022-02-07,TCS,EQ,3814.9,3791.0,3831.8,3756.15,3781.8,3779.0,3791.19,1919149,727586361070000.0,159690,1160277,0.6046
2022-02-08,TCS,EQ,3779.0,3791.55,3799.7,3721.0,3738.0,3743.45,3741.49,2946443,1102409796150000.0,209984,2092329,0.7101000000000001
2022-02-09,TCS,EQ,3743.45,3750.0,3777.95,3746.1,3761.65,3760.55,3761.99,1638721,616486012435000.0,124222,1190875,0.7267
2022-02-10,TCS,EQ,3760.55,3789.8,3789.8,3758.0,3765.7,3770.35,3771.41,2112459,796695937785000.0,127158,1512559,0.716
2022-02-11,TCS,EQ,3770.35,3752.5,3752.5,3690.0,3693.0,3694.95,3703.65,3851488,1426455293820000.0,242420,2684979,0.6970999999999999
2022-02-14,TCS,EQ,3694.95,3724.0,3793.25,3710.0,3729.15,3733.75,3749.84,5951745,2231811465420000.0,452110,3157466,0.5305
2022-02-15,TCS,EQ,3733.75,3786.0,3835.0,3748.0,3832.95,3817.8,3784.27,3931683,1487854712495000.0,347451,2283223,0.5807
2022-02-16,TCS,EQ,3817.8,3844.0,3854.1,3806.0,3810.0,3813.1,3822.91,3256906,1245087461435000.0,224789,1989270,0.6108
2022-02-17,TCS,EQ,3813.1,3825.0,3835.0,3779.0,3783.85,3784.2,3796.61,3134372,1190000292470000.0,259784,2140343,0.6829000000000001
2022-02-18,TCS,EQ,3784.2,3769.0,3815.95,3757.6,3800.0,3793.9,3788.53,3688883,1397545180720000.0,286278,2727483,0.7394
2022-02-21,TCS,EQ,3793.9,3810.0,3827.8,3705.55,3719.35,3719.4,3746.53,7465922,2797133568140000.0,521065,4843446,0.6487
2022-02-22,TCS,EQ,3719.4,3650.0,3667.9,3570.0,3590.0,3586.4,3596.79,5408531,1945334817220000.0,334519,3214082,0.5943
2022-02-23,TCS,EQ,3586.4,3611.0,3622.9,3555.65,3571.9,3563.8,3581.54,2426203,868954972175000.0,166091,1476108,0.6084
2022-02-24,TCS,EQ,3563.8,3474.0,3483.85,3391.1,3400.45,3401.65,3440.54,5039136,1733734937930000.0,344070,3127576,0.6207
2022-02-25,TCS,EQ,3401.65,3468.0,3530.0,3462.0,3525.0,3520.75,3508.31,2549723,894521271529999.9,178046,1286087,0.5044
2022-02-28,TCS,EQ,3520.75,3490.0,3563.75,3455.9,3550.15,3554.2,3529.86,3288942,1160949990755000.0,157832,1957822,0.5953
2022-03-02,TCS,EQ,3554.2,3552.5,3571.95,3506.0,3549.0,3546.15,3537.16,2761341,976730351595000.1,159497,1608352,0.5825
2022-03-03,TCS,EQ,3546.15,3562.85,3578.6,3530.1,3544.0,3544.4,3553.27,1928039,685084805425000.0,162316,1095452,0.5682
2022-03-04,TCS,EQ,3544.4,3501.5,3561.2,3487.05,3519.8,3524.35,3525.56,2370257,835648212895000.0,150154,1412782,0.596
2022-03-07,TCS,EQ,3524.35,3450.0,3548.0,3431.55,3481.1,3484.9,3491.46,3054130,1066337390435000.0,240636,1842815,0.6034
2022-03-08,TCS,EQ,3484.9,3460.0,3609.0,3460.0,3594.0,3599.95,3570.91,3300992,1178755234795000.0,182907,1897296,0.5748
2022-03-09,TCS,EQ,3599.95,3605.0,3654.0,3597.05,3640.7,3632.6,3631.79,2719654,987722502650000.0,171411,1493364,0.5491
2022-03-10,TCS,EQ,3632.6,3684.0,3684.0,3615.0,3621.05,3620.95,3639.93,2005441,729966236280000.0,129608,1143533,0.5702
2022-03-11,TCS,EQ,3620.95,3603.25,3639.85,3592.85,3603.0,3599.15,3615.45,1623423,586940735385000.0,119798,997926,0.6147
2022-03-14,TCS,EQ,3599.15,3580.0,3648.35,3580.0,3645.0,3643.0,3620.43,1765688,639254727865000.0,119156,947609,0.5367000000000001
2022-03-15,TCS,EQ,3643.0,3659.0,3659.0,3585.4,3598.0,3593.9,3627.9,3651133,1324596235870000.0,154118,2937815,0.8046
2022-03-16,TCS,EQ,3593.9,3640.5,3668.0,3616.25,3657.55,3655.9,3640.94,3090475,1125224151804999.9,94898,2374997,0.7685
2022-03-17,TCS,EQ,3655.9,3696.6,3710.0,3660.3,3674.95,3672.75,3685.79,3600452,1327052096300000.0,139747,2281677,0.6337
2022-03-21,TCS,EQ,3672.75,3696.0,3713.95,3615.0,3620.0,3626.7,3650.28,2413831,881116962450000.0,131933,1443014,0.5978
2022-03-22,TCS,EQ,3626.7,3640.0,3711.0,3625.0,3704.95,3700.95,3674.13,2907611,1068293431829999.9,124599,1931906,0.6644
2022-03-23,TCS,EQ,3700.95,3708.0,3729.8,3690.0,3710.0,3712.4,3708.22,1596195,591904211535000.0,82816,803477,0.5034000000000001
2022-03-24,TCS,EQ,3712.4,3700.0,3758.2,3695.0,3740.5,3749.85,3741.33,1879046,703013331670000.0,86810,1248970,0.6647
2022-03-25,TCS,EQ,3749.85,3759.9,3779.5,3672.0,3710.0,3707.45,3716.53,1690133,628143259155000.0,101622,951033,0.5627000000000001
2022-03-28,TCS,EQ,3707.45,3695.0,3713.0,3661.2,3700.0,3707.7,3689.86,1760990,649780496620000.0,119630,878863,0.4991
2022-03-29,TCS,EQ,3707.7,3694.75,3722.0,3691.0,3701.0,3705.35,3707.08,2689063,996857773875000.0,166424,1876469,0.6978
2022-03-30,TCS,EQ,3705.35,3738.0,3738.0,3706.2,3730.0,3731.55,3723.34,1583455,589574427815000.0,109724,1071594,0.6767000000000001
2022-03-31,TCS,EQ,3731.55,3740.0,3754.65,3720.2,3742.85,3739.95,3743.43,2168110,811616320935000.0,146788,1597155,0.7367
2022-04-01,TCS,EQ,3739.95,3748.0,3763.0,3728.05,3759.0,3758.75,3747.37,1387014,519765213825000.0,91136,897433,0.647
2022-04-04,TCS,EQ,3758.75,3762.0,3780.0,3737.1,3771.0,3770.35,3767.16,1472994,554899765495000.0,101419,919895,0.6245
2022-04-05,TCS,EQ,3770.35,3772.0,3835.6,3772.0,3812.5,3814.8,3813.04,2314947,882698234279999.9,163963,1228409,0.5306000000000001
2022-04-06,TCS,EQ,3814.8,3809.3,3809.3,3731.15,3752.0,3755.35,3761.93,2051729,771846477035000.0,132368,1245604,0.6071
2022-04-07,TCS,EQ,3755.35,3745.5,3745.5,3679.0,3682.95,3684.15,3705.25,2494829,924397324115000.0,149240,1814089,0.7271
2022-04-08,TCS,EQ,3684.15,3690.0,3705.0,3642.5,3690.05,3685.65,3677.34,2296773,844602650420000.0,134082,1503584,0.6547
2022-04-11,TCS,EQ,3685.65,3690.0,3712.35,3656.1,3699.0,3696.4,3690.42,2291660,845719167785000.0,171882,1175930,0.5131
2022-04-12,TCS,EQ,3696.4,3683.0,3739.0,3648.35,3686.0,3691.1,3706.35,4483476,1661734065470000.0,254563,1662462,0.37079999999999996
2022-04-13,TCS,EQ,3691.1,3707.0,3709.85,3655.55,3664.95,3661.95,3673.55,1621672,595728742965000.0,103822,871209,0.5372
2022-04-18,TCS,EQ,3661.95,3610.0,3610.0,3522.5,3531.8,3528.05,3548.77,3820792,1355913060380000.0,324929,2676562,0.7005
2022-04-19,TCS,EQ,3528.05,3550.0,3563.55,3439.15,3462.0,3471.9,3508.54,3170014,1112212945675000.0,208443,2190202,0.6909000000000001
2022-04-20,TCS,EQ,3471.9,3500.0,3569.15,3480.0,3558.0,3556.8,3546.74,2640370,936470241910000.0,185024,1703183,0.6451000000000001
2022-04-21,TCS,EQ,3556.8,3580.0,3644.0,3567.4,3621.0,3628.65,3619.23,2280996,825543963910000.0,136751,1468817,0.6439
2022-04-22,TCS,EQ,3628.65,3581.1,3617.0,3571.5,3613.0,3612.55,3602.06,1581465,569653681860000.0,93552,992489,0.6276
2022-04-25,TCS,EQ,3612.55,3558.0,3584.0,3533.1,3546.05,3548.2,3557.8,1960694,697575325570000.0,146368,1249532,0.6373
2022-04-26,TCS,EQ,3548.2,3575.15,3587.9,3518.15,3544.0,3546.3,3550.67,1943469,690062673565000.0,139910,1223001,0.6293
2022-04-27,TCS,EQ,3546.3,3546.0,3568.45,3506.3,3560.0,3561.2,3540.41,1727648,611657920275000.0,111612,1068875,0.6187
2022-04-28,TCS,EQ,3561.2,3588.0,3604.4,3538.05,3580.0,3584.3,3574.03,1703660,608893392550000.0,122574,1117294,0.6558
2022-04-29,TCS,EQ,3584.3,3597.0,3623.25,3536.85,3548.0,3546.7,3576.78,2051115,733639345455000.0,107015,1349216,0.6578
2022-05-02,TCS,EQ,3546.7,3519.9,3547.95,3492.75,3538.7,3542.4,3520.91,1324161,466224723785000.06,118662,837858,0.6327
2022-05-04,TCS,EQ,3542.4,3538.5,3545.45,3465.3,3483.8,3479.75,3511.35,2305825,809655648500000.0,174763,1533599,0.6651
2022-05-05,TCS,EQ,3479.75,3512.1,3533.0,3485.35,3508.75,3513.4,3511.1,1612262,566081277940000.0,93993,994905,0.6171
2022-05-06,TCS,EQ,3513.4,3459.0,3474.5,3424.5,3443.15,3432.6,3444.54,2010812,692632126270000.0,184661,1157843,0.5758
2022-05-09,TCS,EQ,3432.6,3398.0,3456.0,3346.85,3445.05,3445.1,3410.95,2481830,846538911320000.0,163369,1520203,0.6125
2022-05-10,TCS,EQ,3445.1,3434.0,3464.8,3422.0,3439.5,3438.75,3448.48,1622685,559580007189999.94,145050,1116707,0.6881999999999999
2022-05-11,TCS,EQ,3438.75,3435.0,3448.45,3382.15,3422.25,3412.0,3411.67,1841769,628351193940000.0,144928,1066170,0.5789
2022-05-12,TCS,EQ,3412.0,3378.0,3449.7,3350.1,3413.25,3408.65,3415.9,2807195,958910645790000.0,194805,1630791,0.5809000000000001
2022-05-13,TCS,EQ,3408.65,3435.0,3439.9,3382.15,3409.0,3414.9,3409.83,2187823,746009613445000.0,148468,1326058,0.6061
2022-05-16,TCS,EQ,3414.9,3415.0,3430.0,3366.6,3385.0,3376.8,3399.01,1195813,406457893980000.0,84979,698049,0.5837
2022-05-17,TCS,EQ,3376.8,3370.0,3467.0,3350.4,3466.75,3451.6,3410.54,1754076,598234902905000.0,126169,1022602,0.583
2022-05-18,TCS,EQ,3451.6,3465.0,3495.0,3443.05,3455.0,3448.8,3467.64,1866781,647333167120000.0,114108,1166592,0.6249
2022-05-19,TCS,EQ,3448.8,3397.0,3405.0,3230.0,3271.9,3261.95,3300.3,4642963,1532317910030000.0,377211,2952123,0.6358
2022-05-20,TCS,EQ,3261.95,3310.0,3313.9,3270.05,3299.0,3293.0,3291.06,3065125,1008749747350000.0,157647,1971441,0.6432
2022-05-23,TCS,EQ,3293.0,3304.8,3338.9,3267.0,3317.1,3321.75,3310.62,2293690,759352939230000.0,139905,1387824,0.6051
2022-05-24,TCS,EQ,3321.75,3315.15,3324.85,3275.6,3291.9,3288.0,3295.55,1711510,564037244900000.0,113563,1040626,0.608
2022-05-25,TCS,EQ,3288.0,3292.85,3292.85,3154.05,3165.25,3167.65,3195.48,3548046,1133772521190000.0,234787,2233846,0.6296
2022-05-26,TCS,EQ,3167.65,3191.0,3241.5,3180.55,3229.95,3226.95,3203.65,2813186,901245672145000.1,180988,1819586,0.6468
2022-05-27,TCS,EQ,3226.95,3253.2,3278.9,3229.2,3266.7,3261.3,3254.66,3103153,1009970341515000.0,180755,2076287,0.6691
